berleon,1
Adam Siembida,1
Tobias Domhan,5
Siddarth Malreddy,1
Seiya Tokui,2
Adam Kosiorek,17
Thomas Schenker,1
Daniel Hamngren,1
Kyle Mills,1
chenzy,1
Marco Castelluccio,1
Josh Klontz,1
Gleb Mazovetskiy,1
David Larson,1
Vik Kamath,1
Ajinkya Kale,1
Chiyuan Zhang,5
Pete Warden,1
gdh1995,5
Zifei Tong,2
Yan Chen,1
Martin Thoma,3
Drew Abbot,1
Thomas,1
qipeng,42
ray glover,1
linmin,16
Zhongwen Xu,1
Malte Stær Nissen,3
Valentin Tolmer,5
Manuel,1
Kevin James Matzen,27
HeGaoYuan,1
Dinesh Jayaraman,1
Hans Gaiser,1
Gustav Larsson,5
Kai Li,145
Tim Meinhardt,6
JacekR,1
Jonathan R. Williford,2
ernest-tg,1
ZhiHeng NIU,2
Mausoom Sarkar,1
Jun Shi,3
ZhouYzzz,2
Chuck Cho,1
Sagan Bolliger,1
Carl Doersch,4
Oscar Beijbom,2
Rodrigo Benenson,2
Ross Girshick,23
Nishidha Panpaliya,1
koki1.saitoh,1
Matthias Plappert,1
AlOa,1
Jack Culpepper,1
Rohit Durvasula,1
Ren�� Scheibe,1
emmanuel maggiori,1
Andy Feng,1
Max Ehrlich,1
Andre Ambrosio Boechat,3
Ian Hunter,1
baecchi,1
Evan Lezar,2
Ashwani001,2
rickardnorlander,1
Aravindh Mahendran,2
Ran,1
Xianjie Chen,1
Shandy Brown,1
yzhuan,1
Jeff Donahue,793
Maksim Lapin,1
Madan Ram,1
R. Gokberk Cinbis,1
Rob Hess,8
Jacek Czaja,2
max argus,6
Kevin Bache,1
Sergio,82
Kenta Shoji,1
J Yegerlehner,7
Mohamed Ezz,1
Sheng Zha,1
manuele,7
chyojn,4
Charles Otto,1
blackball,1
Jason Yosinski,10
Sergei Nikolaev,1
Alejandro Dubrovsky,2
Dylan Paiton,1
zszhong,1
LI Yi,1
bhack,8
huy,1
Gustavo Serra Scalet,2
spmallick,1
Benedikt Wilbertz,3
to3i,1
Alireza Shafaei,6
Vincent,1
Balint Cristian,1
Vladimir,1
thatguymike,1
panmari,1
Yale Song,1
Sebasti��n Ram��rez,2
Andrew Tulloch,1
Simon Safar,1
T.E.A de Souza,9
Prayag Verma,1
Akiomi KAMAKURA,1
Yung Siang Liau,1
longjon,10
Miguel Lloreda,1
Muneyuki Noguchi,3
sh1r0,1
Felix Abecassis,23
PatWie,2
Mohamed Omran,9
small-yellow-duck,1
TANGUY Arnaud,4
Delbert,1
James Steven Supancic III,1
Michele Pratusevich,1
Jan Issac,2
Rob Currie,2
Achal Dave,5
crazytan,2
Sergey Karayev,117
Aaron Schumacher,1
Tian Zhi,1
shai,2
PETER_GAO,2
savy-91,1
jamt9000,1
forresti,2
nihui,1
Kang Kim,6
Franck Dernoncourt,1
Karen Simonyan,7
Niels Ole Salscheider,1
mhouston,3
sguada,16
Sergio Guadarrama,78
Nick Carlevaris-Bianco,5
alfredtofu,3
Ryota Tomioka,2
Fisher Yu,7
Jerod Weinman,2
Sammy Sidhu,1
davidbrai,1
Keiji Yoshida,1
Daniel Gordon,2
Eren Golge,1
Akash A,1
Jonathan Ho,1
Martin Baeuml,3
Rowland Depp,1
Andreas Løve Selvik,1
e3,3
Dmytro Mishkin,6
Kyle Krafka,2
Tianwei Shen,1
Dmitry Ulyanov,1
Hugo Serrat,1
Alex Lee,1
Anatoly Baksheev,12
biluochun,2
Brian Chu,2
Youssef Kashef,3
Darren Garvey,4
Daniel Golden,17
Yang Song,1
tishibas67,2
Jonas Maaskola,1
Bert,1
mfigurnov,1
leelurch,1
Clemens Korner,2
Lumin Zhou,2
Sean Bell,6
AdamStelmaszczyk,2
zoharby,1
Mariusz Moczala,1
Christos Nikolaou,4
Sungjun HONG,1
Pavel Campr,1
Kibum Bae,2
Craig Quiter,3
Evan Shelhamer,1016
Takuma Wakamori,1
cypof,1
Eric Tzeng,10
Thibault Deregnaucourt,1
James Supancic III,1
Simon Layton,2
Ivan Shapovalov,1
Jon Long,79
Liang-Chi Hsieh,2
Abhijit Kundu,1
Kun Wang,2
wieschol,1
ebadawy,1
netheril96,7
Martin Ha��cker,1
Matt Dawkins,1
Zhou Mo,3
Cyprien Noel,12
Rohit,1
Zylphrex,1
Ken Yu,1
philkr,21
Pannous,2
Peihao.Huang,1
Russell Stewart,1
TorosFanny,2
Luke Yeager,39
Ozan Çağlayan,3
Preston Parry,3
Yangqing Jia,409
semitrivial,1
Keir Mierle,1
Alessandro Giusti,2
Traun Leyden,1
Brandon Amos,2
Tea,8
Mohammad Norouzi,2
tabe,1
James Thewlis,12
Bob Poekert,1
Ronghang Hu,90
Philipp Krähenbühl,1
ariandyy,1
Sebastián Ramírez,1
ixartz,1
D.Mishkin,1
Alican Bozkurt,2
Nuno Subtil,2
Eric Zeiberg,1
Jonathan L Long,262
jjkjkj,1
lewuathe,1
Nitish Keskar,1
Takuya Narihira,11
Robbie Cooper,1
yajiedesign,1
Viveka Kulharia,1
