"{DateObject[{2012, 5, 1}], DateObject[{2012, 6, 1}]}","{"victor.rodionov@nexenta.com", 2}","{"chmouel@chmouel.com", 2}","{"syn@ronin.io", 1}","{"z-launchpad@brim.net", 11}","{"jenkins@review.openstack.org", 17}","{"thierry@openstack.org", 1}","{"me@not.mn", 7}","{"mike@weirdlooking.com", 1}","{"florian.hines@gmail.com", 1}","{"zaitcev@kotori.zaitcev.us", 1}","{"sam@swiftstack.com", 3}","{"dpgoetz@gmail.com", 2}","{"greglange@gmail.com", 1}","{"broskos@internap.com", 1}"
"{DateObject[{2012, 6, 1}], DateObject[{2012, 7, 1}]}","{"vuntz@suse.com", 4}","{"me@not.mn", 1}","{"iryoung@gmail.com", 3}","{"z-launchpad@brim.net", 8}","{"chmouel@chmouel.com", 1}","{"jenkins@review.openstack.org", 15}","{"tsuyuzaki.kota@lab.ntt.co.jp", 1}","{"dprince@redhat.com", 2}","{"morita.kazutaka@gmail.com", 2}","{"sam@swiftstack.com", 3}","{"greglange@gmail.com", 4}","{"francois.charlier@enovance.com", 1}","{"mordred@inaugust.com", 1}","{"iartarisi@suse.cz", 2}"
"{DateObject[{2012, 7, 1}], DateObject[{2012, 8, 1}]}","{"z-launchpad@brim.net", 4}","{"syn@ronin.io", 3}","{"me@not.mn", 4}","{"jenkins@review.openstack.org", 10}","{"victor.rodionov@nexenta.com", 3}","{"vuntz@suse.com", 1}"
"{DateObject[{2012, 8, 1}], DateObject[{2012, 9, 1}]}","{"constantine@litestack.com", 2}","{"me@not.mn", 4}","{"lrqrun@gmail.com", 1}","{"darrell@swiftstack.com", 9}","{"z-launchpad@brim.net", 6}","{"jenkins@review.openstack.org", 22}","{"alex890714@gmail.com", 3}","{"mike@weirdlooking.com", 2}","{"oldsharp@163.com", 1}","{"clark.boylan@gmail.com", 1}","{"syn@ronin.io", 1}","{"morita.kazutaka@gmail.com", 1}","{"litong01@us.ibm.com", 1}","{"ning@zmanda.com", 1}"
"{DateObject[{2012, 9, 1}], DateObject[{2012, 10, 1}]}","{"mike@weirdlooking.com", 4}","{"jenkins@review.openstack.org", 22}","{"dpgoetz@gmail.com", 2}","{"bcline@softlayer.com", 3}","{"me@not.mn", 7}","{"z-launchpad@brim.net", 3}","{"darrell@swiftstack.com", 2}","{"meizu647@gmail.com", 6}","{"dprince@redhat.com", 1}","{"syn@ronin.io", 2}","{"andy.mccrae@gmail.com", 1}","{"alex890714@gmail.com", 1}","{"sorhanse@cisco.com", 1}"
"{DateObject[{2012, 10, 1}], DateObject[{2012, 11, 1}]}","{"david.hadas@gmail.com", 5}","{"jenkins@review.openstack.org", 32}","{"z-launchpad@brim.net", 5}","{"me@not.mn", 3}","{"syn@ronin.io", 2}","{"sam@swiftstack.com", 6}","{"sasimpson@gmail.com", 1}","{"doug.hellmann@dreamhost.com", 1}","{"vito.ordaz@gmail.com", 5}","{"victor.lowther@gmail.com", 1}","{"dpgoetz@gmail.com", 3}","{"fifieldt@unimelb.edu.au", 2}","{"constantine@litestack.com", 1}","{"greglange@gmail.com", 2}","{"derekh@redhat.com", 1}","{"mike@weirdlooking.com", 1}","{"darrell@swiftstack.com", 3}"
"{DateObject[{2012, 11, 1}], DateObject[{2012, 12, 1}]}","{"peter.portante@redhat.com", 4}","{"sam@swiftstack.com", 14}","{"jola.mirecka@hp.com", 1}","{"clay.gerrard@gmail.com", 4}","{"ekirpichov@gmail.com", 1}","{"mike@weirdlooking.com", 8}","{"guang.yee@hp.com", 1}","{"z-launchpad@brim.net", 6}","{"jenkins@review.openstack.org", 37}","{"dprince@redhat.com", 1}","{"me@not.mn", 11}","{"jajohnson@softlayer.com", 1}","{"dan.hersam@hp.com", 1}","{"chmouel@chmouel.com", 1}","{"alex890714@gmail.com", 1}","{"mail.zhang.yee@gmail.com", 1}","{"joe@swiftstack.com", 1}","{"clark.boylan@gmail.com", 1}","{"yuan.zhou@intel.com", 1}","{"litong01@us.ibm.com", 1}","{"donagh.mccabe@hp.com", 1}"
"{DateObject[{2012, 12, 1}], DateObject[{2013, 1, 1}]}","{"skraynev@mirantis.com", 1}","{"dpgoetz@gmail.com", 2}","{"sam@swiftstack.com", 1}","{"me@not.mn", 1}","{"jenkins@review.openstack.org", 21}","{"z-launchpad@brim.net", 4}","{"mike@weirdlooking.com", 3}","{"julien@danjou.info", 2}","{"cthier@gmail.com", 3}","{"dprince@redhat.com", 1}","{"wu.wenxiang@99cloud.net", 1}","{"clay.gerrard@gmail.com", 1}","{"saschpe@suse.de", 1}","{"darrell@swiftstack.com", 2}","{"syn@ronin.io", 1}","{"peter.portante@redhat.com", 1}"
"{DateObject[{2013, 1, 1}], DateObject[{2013, 2, 1}]}","{"darrell@swiftstack.com", 5}","{"anne@openstack.org", 1}","{"chmouel@enovance.com", 3}","{"zhongyue.nah@intel.com", 1}","{"sam@swiftstack.com", 4}","{"jenkins@review.openstack.org", 24}","{"mordred@inaugust.com", 1}","{"gregory.holt+launchpad.net@gmail.com", 2}","{"mehdi.abaakouk@enovance.com", 1}","{"chris@pistoncloud.com", 1}","{"motonobu@gmail.com", 1}","{"syn@ronin.io", 1}","{"mike@weirdlooking.com", 1}","{"dpgoetz@gmail.com", 3}","{"adrian_f_smith@dell.com", 1}","{"liquid@kt.com", 1}","{"me@not.mn", 3}","{"tsuyuzaki.kota@lab.ntt.co.jp", 1}","{"chmouel@chmouel.com", 2}","{"hodong.hwang@kt.com", 1}","{"z-launchpad@brim.net", 4}","{"corywright@gmail.com", 1}","{"flaper87@gmail.com", 1}"
"{DateObject[{2013, 2, 1}], DateObject[{2013, 3, 1}]}","{"davidh@il.ibm.com", 2}","{"mike@weirdlooking.com", 3}","{"slukjanov@mirantis.com", 1}","{"dpgoetz@gmail.com", 5}","{"gregory.holt+launchpad.net@gmail.com", 4}","{"jenkins@review.openstack.org", 33}","{"jian.zhang@intel.com", 1}","{"cthier@gmail.com", 2}","{"dae@velatum.com", 1}","{"zaitcev@kotori.zaitcev.us", 2}","{"academicgareth@gmail.com", 4}","{"sam@swiftstack.com", 1}","{"chmouel@enovance.com", 4}","{"yuan.zhou@intel.com", 1}","{"me@not.mn", 1}","{"litong01@us.ibm.com", 1}","{"jogo@cloudscaling.com", 1}","{"greglange@gmail.com", 1}"
"{DateObject[{2013, 3, 1}], DateObject[{2013, 4, 1}]}","{"academicgareth@gmail.com", 5}","{"sam@swiftstack.com", 12}","{"davidh@il.ibm.com", 4}","{"dieter@vimeo.com", 1}","{"clay.gerrard@gmail.com", 1}","{"donagh.mccabe@hp.com", 2}","{"marcelo.martins@rackspace.com", 1}","{"chmouel@enovance.com", 1}","{"litong01@us.ibm.com", 5}","{"jenkins@review.openstack.org", 30}","{"me@not.mn", 3}","{"greglange@gmail.com", 2}","{"dpgoetz@gmail.com", 4}","{"lklrmn@gmail.com", 2}","{"vvechkanov@mirantis.com", 1}","{"liquid@kt.com", 1}","{"ikharin@mirantis.com", 1}","{"thierry@openstack.org", 1}","{"z-launchpad@brim.net", 2}","{"zaitcev@kotori.zaitcev.us", 1}","{"info@cschwede.de", 2}","{"jola.mirecka@hp.com", 1}","{"yaguang.wang@intel.com", 1}"
"{DateObject[{2013, 4, 1}], DateObject[{2013, 5, 1}]}","{"peter.portante@redhat.com", 6}","{"davidh@il.ibm.com", 4}","{"fabien.boucher@enovance.com", 1}","{"dpgoetz@gmail.com", 7}","{"mhu@enovance.com", 1}","{"mordred@inaugust.com", 1}","{"bcline@softlayer.com", 2}","{"jenkins@review.openstack.org", 33}","{"z-launchpad@brim.net", 6}","{"liquid@kt.com", 1}","{"sam@swiftstack.com", 1}","{"gareth@unitedstack.com", 1}","{"zaitcev@kotori.zaitcev.us", 1}","{"vito.ordaz@gmail.com", 1}","{"skraynev@mirantis.com", 2}","{"me@not.mn", 2}","{"greglange@gmail.com", 1}","{"info@cschwede.de", 1}","{"dukov@mirantis.com", 1}"
"{DateObject[{2013, 5, 1}], DateObject[{2013, 6, 1}]}","{"mordred@inaugust.com", 1}","{"vvechkanov@mirantis.com", 3}","{"chmouel@enovance.com", 1}","{"dpgoetz@gmail.com", 3}","{"alex.gaynor@gmail.com", 2}","{"greglange@gmail.com", 3}","{"dan.hersam@hp.com", 1}","{"peter.portante@redhat.com", 6}","{"jenkins@review.openstack.org", 34}","{"z-launchpad@brim.net", 6}","{"sam@swiftstack.com", 6}","{"niu.zglinux@gmail.com", 1}","{"davidh@il.ibm.com", 2}","{"ikharin@mirantis.com", 3}","{"cthier@gmail.com", 1}","{"marcelo.martins@rackspace.com", 1}","{"donagh.mccabe@hp.com", 1}","{"shrinand@maginatics.com", 1}","{"darrell@swiftstack.com", 2}","{"opentastic@gmail.com", 1}"
"{DateObject[{2013, 6, 1}], DateObject[{2013, 7, 1}]}","{"z-launchpad@brim.net", 5}","{"marcelo.martins@rackspace.com", 1}","{"peter.portante@redhat.com", 3}","{"dirk@dmllr.de", 1}","{"thomas.leaman@hp.com", 1}","{"sam@swiftstack.com", 13}","{"jenkins@review.openstack.org", 52}","{"cthier@gmail.com", 3}","{"tom@openstack.org", 1}","{"freyes@tty.cl", 1}","{"academicgareth@gmail.com", 7}","{"me@not.mn", 3}","{"davidh@il.ibm.com", 4}","{"iosctr@gmail.com", 1}","{"yuan.zhou@intel.com", 1}","{"mike@weirdlooking.com", 1}","{"dpgoetz@gmail.com", 1}","{"akscram@gmail.com", 1}","{"zaitcev@kotori.zaitcev.us", 3}","{"chmouel@enovance.com", 2}","{"darrell@swiftstack.com", 1}","{"ikharin@mirantis.com", 1}","{"chuck.short@canonical.com", 1}"
"{DateObject[{2013, 7, 1}], DateObject[{2013, 8, 1}]}","{"fabien.boucher@enovance.com", 2}","{"clay.gerrard@gmail.com", 5}","{"dpgoetz@gmail.com", 7}","{"peter.portante@redhat.com", 8}","{"greglange@gmail.com", 2}","{"academicgareth@gmail.com", 4}","{"vuntz@suse.com", 1}","{"kdemina@mirantis.com", 1}","{"zaitcev@kotori.zaitcev.us", 4}","{"jenkins@review.openstack.org", 43}","{"chmouel@enovance.com", 5}","{"sriram@klusterkloud.com", 1}","{"alex.gaynor@gmail.com", 10}","{"donagh.mccabe@hp.com", 2}","{"mike@weirdlooking.com", 2}","{"gareth@unitedstack.com", 3}","{"tsuyuzaki.kota@lab.ntt.co.jp", 1}","{"sam@swiftstack.com", 4}","{"otherjon@swiftstack.com", 1}","{"xingchao@unitedstack.com", 1}","{"davidh@il.ibm.com", 2}","{"alistair.coles@hp.com", 1}","{"me@not.mn", 1}"
"{DateObject[{2013, 8, 1}], DateObject[{2013, 9, 1}]}","{"chmouel@enovance.com", 6}","{"z-launchpad@brim.net", 3}","{"peter.portante@redhat.com", 6}","{"donagh.mccabe@hp.com", 1}","{"sam@swiftstack.com", 8}","{"iosctr@gmail.com", 1}","{"cthier@gmail.com", 5}","{"tstevenson@vbridges.com", 1}","{"fabien.boucher@enovance.com", 2}","{"clay.gerrard@gmail.com", 5}","{"dirk@dmllr.de", 2}","{"alex.gaynor@gmail.com", 9}","{"jenkins@review.openstack.org", 47}","{"yuan.zhou@intel.com", 1}","{"zapchang@gmail.com", 1}","{"zaitcev@kotori.zaitcev.us", 2}","{"academicgareth@gmail.com", 2}","{"gareth@unitedstack.com", 1}","{"mike@weirdlooking.com", 1}","{"wu.wenxiang@99cloud.net", 3}","{"me@not.mn", 3}","{"pbrady@redhat.com", 1}","{"mordred@inaugust.com", 1}","{"saschpe@gmx.de", 1}","{"koert@cloudvps.com", 1}"
"{DateObject[{2013, 9, 1}], DateObject[{2013, 10, 1}]}","{"peter.portante@redhat.com", 28}","{"sam@swiftstack.com", 6}","{"cthier@gmail.com", 1}","{"iosctr@gmail.com", 1}","{"jenkins@review.openstack.org", 58}","{"alistair.coles@hp.com", 2}","{"academicgareth@gmail.com", 1}","{"dpgoetz@gmail.com", 3}","{"brian.curtin@rackspace.com", 1}","{"info@cschwede.de", 1}","{"aji.zqfan@gmail.com", 2}","{"z-launchpad@brim.net", 2}","{"greglange@gmail.com", 1}","{"ppai@redhat.com", 1}","{"clay.gerrard@gmail.com", 3}","{"jlennox@redhat.com", 1}","{"zaitcev@kotori.zaitcev.us", 4}","{"alex.gaynor@gmail.com", 7}","{"clark.boylan@gmail.com", 1}","{"dirk@dmllr.de", 2}","{"syn@ronin.io", 2}","{"me@not.mn", 1}"
"{DateObject[{2013, 10, 1}], DateObject[{2013, 11, 1}]}","{"zhuadl@cn.ibm.com", 1}","{"peter.portante@redhat.com", 9}","{"richard.hawkins@rackspace.com", 1}","{"clay.gerrard@gmail.com", 4}","{"steven.lang@hgst.com", 2}","{"academicgareth@gmail.com", 3}","{"mike@weirdlooking.com", 1}","{"sam@swiftstack.com", 9}","{"jenkins@review.openstack.org", 41}","{"zaitcev@kotori.zaitcev.us", 4}","{"otherjon@swiftstack.com", 1}","{"me@not.mn", 2}","{"david.goetz@rackspace.com", 2}","{"niu.zglinux@gmail.com", 1}","{"christian.schwede@enovance.com", 1}","{"yuan.zhou@intel.com", 1}","{"fabien.boucher@enovance.com", 1}","{"greglange@gmail.com", 2}","{"arosen@nicira.com", 1}","{"peter.a.portante@gmail.com", 1}","{"dirk@dmllr.de", 1}"
"{DateObject[{2013, 11, 1}], DateObject[{2013, 12, 1}]}","{"fabien.boucher@enovance.com", 2}","{"sam@swiftstack.com", 13}","{"otherjon@swiftstack.com", 1}","{"academicgareth@gmail.com", 2}","{"kiyoung.jung@kt.com", 1}","{"clay.gerrard@gmail.com", 4}","{"cristian.a.sanchez@intel.com", 1}","{"jenkins@review.openstack.org", 50}","{"peter.portante@redhat.com", 11}","{"alex.gaynor@gmail.com", 2}","{"darrell@swiftstack.com", 2}","{"me@not.mn", 5}","{"mike@weirdlooking.com", 1}","{"zaitcev@kotori.zaitcev.us", 1}","{"z-launchpad@brim.net", 2}","{"david.goetz@rackspace.com", 1}","{"steven.lang@hgst.com", 2}","{"goneri.lebouder@enovance.com", 1}","{"chmouel@enovance.com", 1}","{"juan@memset.com", 1}","{"alistair.coles@hp.com", 1}"
"{DateObject[{2013, 12, 1}], DateObject[{2014, 1, 1}]}","{"christian.schwede@enovance.com", 4}","{"fabien.boucher@enovance.com", 1}","{"z-launchpad@brim.net", 5}","{"peter.portante@redhat.com", 9}","{"alistair.coles@hp.com", 1}","{"jenkins@review.openstack.org", 42}","{"caleb.tennis@gmail.com", 1}","{"syn@ronin.io", 1}","{"me@not.mn", 4}","{"chmouel@enovance.com", 2}","{"chmouel@chmouel.com", 1}","{"sam@swiftstack.com", 14}","{"yorik.sar@gmail.com", 1}","{"mordred@inaugust.com", 1}","{"clay.gerrard@gmail.com", 3}","{"dpgoetz@gmail.com", 1}","{"sushil.kumar2@globallogic.com", 1}","{"m@metacloud.com", 2}","{"ben.os@99cloud.net", 1}","{"cristian.a.sanchez@intel.com", 1}","{"donagh.mccabe@hp.com", 1}","{"alex.gaynor@gmail.com", 2}"
"{DateObject[{2014, 1, 1}], DateObject[{2014, 2, 1}]}","{"peter.portante@redhat.com", 6}","{"dpgoetz@gmail.com", 6}","{"christian.schwede@enovance.com", 3}","{"cthier@gmail.com", 1}","{"tsuyuzaki.kota@lab.ntt.co.jp", 1}","{"jenkins@review.openstack.org", 48}","{"me@not.mn", 4}","{"clay.gerrard@gmail.com", 3}","{"dmsimard@iweb.com", 1}","{"z-launchpad@brim.net", 6}","{"sam@swiftstack.com", 10}","{"florent.flament-ext@cloudwatt.com", 1}","{"dirk@dmllr.de", 1}","{"fabien.boucher@enovance.com", 2}","{"steven@wedontsleep.org", 1}","{"fungi@yuggoth.org", 1}","{"syn@ronin.io", 1}"
"{DateObject[{2014, 2, 1}], DateObject[{2014, 3, 1}]}","{"alex.pecoraro@emc.com", 1}","{"houming.wang@easystack.cn", 2}","{"eamonn.otoole@hp.com", 1}","{"clay.gerrard@gmail.com", 1}","{"constantine.peresypk@rackspace.com", 1}","{"sam@swiftstack.com", 10}","{"z-launchpad@brim.net", 1}","{"jenkins@review.openstack.org", 42}","{"me@not.mn", 3}","{"mkassawara@gmail.com", 3}","{"shane.wang@intel.com", 1}","{"alistair.coles@hp.com", 2}","{"donagh.mccabe@hp.com", 1}","{"christian.schwede@enovance.com", 3}","{"luis@debethencourt.com", 1}","{"greglange@gmail.com", 4}","{"ppai@redhat.com", 1}","{"zaitcev@kotori.zaitcev.us", 1}","{"peter.portante@redhat.com", 3}"
"{DateObject[{2014, 3, 1}], DateObject[{2014, 4, 1}]}","{"alistair.coles@hp.com", 3}","{"eamonn.otoole@hp.com", 1}","{"paul.e.luse@intel.com", 5}","{"clay@swiftstack.com", 1}","{"sam@swiftstack.com", 13}","{"john@johnleach.co.uk", 1}","{"greglange@gmail.com", 2}","{"cthier@gmail.com", 1}","{"jenkins@review.openstack.org", 40}","{"bcline@softlayer.com", 1}","{"madhuri.rai07@gmail.com", 3}","{"peter.portante@redhat.com", 6}","{"syn@ronin.io", 1}","{"clay.gerrard@gmail.com", 9}","{"me@not.mn", 2}","{"morita.kazutaka@gmail.com", 1}","{"yuan.zhou@intel.com", 2}","{"dpgoetz@gmail.com", 1}","{"alex@alexjonasholden.com", 1}","{"madhuri@madhuri-virtualbox.(none)", 1}","{"changbin.liu@gmail.com", 1}"
"{DateObject[{2014, 4, 1}], DateObject[{2014, 5, 1}]}","{"yuan.zhou@intel.com", 4}","{"constantine.peresypk@rackspace.com", 1}","{"kajinamit@nttdata.co.jp", 2}","{"gilv@il.ibm.com", 2}","{"morita.kazutaka@gmail.com", 1}","{"paul.e.luse@intel.com", 7}","{"clay.gerrard@gmail.com", 6}","{"zaitcev@kotori.zaitcev.us", 2}","{"openstack-infra@lists.openstack.org", 1}","{"jenkins@review.openstack.org", 34}","{"eamonn.otoole@hp.com", 1}","{"alex.gaynor@gmail.com", 1}","{"luis@debethencourt.com", 1}","{"alistair.coles@hp.com", 3}","{"cthier@gmail.com", 3}","{"yummy.bian@gmail.com", 1}","{"z-launchpad@brim.net", 2}","{"dpgoetz@gmail.com", 2}","{"christian.schwede@enovance.com", 1}","{"peter.portante@redhat.com", 11}","{"madhuri.rai07@gmail.com", 1}","{"sam@swiftstack.com", 2}","{"me@not.mn", 2}","{"james.page@ubuntu.com", 1}"
"{DateObject[{2014, 5, 1}], DateObject[{2014, 6, 1}]}","{"tsuyuzaki.kota@lab.ntt.co.jp", 1}","{"tom@openstack.org", 1}","{"peter.portante@redhat.com", 1}","{"berendt@b1-systems.de", 4}","{"yuan.zhou@intel.com", 1}","{"paul.e.luse@intel.com", 1}","{"clay.gerrard@gmail.com", 7}","{"alex.gaynor@gmail.com", 4}","{"dpgoetz@gmail.com", 2}","{"jenkins@review.openstack.org", 15}","{"z-launchpad@brim.net", 4}","{"mark.seger@hp.com", 1}","{"me@not.mn", 2}","{"cthier@gmail.com", 1}","{"sam@swiftstack.com", 1}","{"bcline@softlayer.com", 1}","{"zaitcev@kotori.zaitcev.us", 1}","{"morgan.fainberg@gmail.com", 1}"
"{DateObject[{2014, 6, 1}], DateObject[{2014, 7, 1}]}","{"tushar.gohad@intel.com", 1}","{"clay.gerrard@gmail.com", 8}","{"matt@oliver.net.au", 2}","{"sam@swiftstack.com", 6}","{"aj@suse.de", 1}","{"peter.portante@redhat.com", 1}","{"yummy.bian@gmail.com", 1}","{"steven.lang@hgst.com", 1}","{"z-launchpad@brim.net", 1}","{"nirmalthacker@gmail.com", 1}","{"jenkins@review.openstack.org", 16}","{"christian.schwede@enovance.com", 3}","{"eamonn.otoole@hp.com", 1}","{"paul.e.luse@intel.com", 5}","{"me@not.mn", 3}","{"zaitcev@kotori.zaitcev.us", 2}","{"mauro.stettler@gmail.com", 1}"
"{DateObject[{2014, 7, 1}], DateObject[{2014, 8, 1}]}","{"paul.e.luse@intel.com", 8}","{"clay.gerrard@gmail.com", 5}","{"sam@swiftstack.com", 8}","{"matt@oliver.net.au", 2}","{"dpgoetz@gmail.com", 2}","{"jenkins@review.openstack.org", 33}","{"nkinder@redhat.com", 1}","{"alistair.coles@hp.com", 2}","{"guang.yee@hp.com", 1}","{"lin.a.yang@intel.com", 1}","{"pawel.palucki@gmail.com", 1}","{"mike@weirdlooking.com", 1}","{"dmsimard@iweb.com", 1}","{"thiago@redhat.com", 1}","{"me@not.mn", 2}","{"z-launchpad@brim.net", 1}","{"jing.liuqing@99cloud.net", 1}"
"{DateObject[{2014, 8, 1}], DateObject[{2014, 9, 1}]}","{"matt@oliver.net.au", 3}","{"alistair.coles@hp.com", 2}","{"sam@swiftstack.com", 5}","{"dpgoetz@gmail.com", 4}","{"thiago@redhat.com", 2}","{"jenkins@review.openstack.org", 30}","{"tsuyuzaki.kota@lab.ntt.co.jp", 1}","{"zhuadl@cn.ibm.com", 1}","{"mike@weirdlooking.com", 1}","{"me@not.mn", 4}","{"clay.gerrard@gmail.com", 1}","{"paul.e.luse@intel.com", 1}","{"stevemar@ca.ibm.com", 1}","{"christian.schwede@enovance.com", 1}"
"{DateObject[{2014, 9, 1}], DateObject[{2014, 10, 1}]}","{"matt@oliver.net.au", 1}","{"sam@swiftstack.com", 6}","{"morita.daisuke@lab.ntt.co.jp", 1}","{"jsbryant@us.ibm.com", 1}","{"yummy.bian@gmail.com", 3}","{"christian.schwede@enovance.com", 6}","{"jenkins@review.openstack.org", 48}","{"zaitcev@kotori.zaitcev.us", 1}","{"openstack-infra@lists.openstack.org", 2}","{"kb.sankethi@gmail.com", 2}","{"me@not.mn", 2}","{"mike@weirdlooking.com", 2}","{"lorcan.browne@hp.com", 2}","{"paul.e.luse@intel.com", 1}","{"darrell@swiftstack.com", 1}","{"mahati.chamarthy@gmail.com", 1}","{"gerry.drudy@hp.com", 1}","{"rafael@cloudscaling.com", 1}","{"alistair.coles@hp.com", 6}","{"aj@suse.de", 1}","{"mriedem@us.ibm.com", 1}","{"richard.hawkins@rackspace.com", 1}","{"tokwii@cisco.com", 1}","{"clay.gerrard@gmail.com", 1}","{"ppai@redhat.com", 1}","{"lin.a.yang@intel.com", 1}","{"saranjan@cisco.com", 1}","{"dolph.mathews@gmail.com", 1}","{"andy@wwwdata.eu", 1}"
"{DateObject[{2014, 10, 1}], DateObject[{2014, 11, 1}]}","{"joanna.huitzu.huang@gmail.com", 1}","{"paul.e.luse@intel.com", 1}","{"sam@swiftstack.com", 5}","{"ppai@redhat.com", 2}","{"dpgoetz@gmail.com", 3}","{"jsbryant@us.ibm.com", 2}","{"clay.gerrard@gmail.com", 1}","{"jenkins@review.openstack.org", 18}","{"christian.schwede@enovance.com", 4}","{"mike@weirdlooking.com", 2}","{"greg@greghaynes.net", 1}","{"alistair.coles@hp.com", 1}","{"yummy.bian@gmail.com", 1}","{"fgiunchedi@wikimedia.org", 1}","{"james.page@ubuntu.com", 1}","{"madhuri.rai07@gmail.com", 1}","{"openstack-infra@lists.openstack.org", 1}","{"me@not.mn", 1}","{"richard.hawkins@rackspace.com", 1}"
"{DateObject[{2014, 11, 1}], DateObject[{2014, 12, 1}]}","{"thiago@redhat.com", 3}","{"kajinamit@nttdata.co.jp", 2}","{"donagh.mccabe@hp.com", 1}","{"morita.daisuke@lab.ntt.co.jp", 2}","{"osanai.hisashi@jp.fujitsu.com", 1}","{"jenkins@review.openstack.org", 23}","{"me@not.mn", 3}","{"ikke@nicolast.be", 2}","{"openstack-infra@lists.openstack.org", 2}","{"clay.gerrard@gmail.com", 4}","{"cedric.dos.sant@gmail.com", 1}","{"shilla.saebi@gmail.com", 3}","{"jsbryant@us.ibm.com", 1}","{"liquidnuker@gmail.com", 1}","{"aj@suse.de", 1}","{"anne@openstack.org", 1}","{"sam@swiftstack.com", 3}","{"christian.schwede@enovance.com", 1}","{"martin@geisler.net", 1}"
"{DateObject[{2014, 12, 1}], DateObject[{2015, 1, 1}]}","{"osanai.hisashi@jp.fujitsu.com", 3}","{"koert@cloudvps.com", 2}","{"yuan.zhou@intel.com", 1}","{"morita.daisuke@lab.ntt.co.jp", 1}","{"mahati.chamarthy@gmail.com", 1}","{"clay.gerrard@gmail.com", 4}","{"sam@swiftstack.com", 5}","{"ppai@redhat.com", 1}","{"jenkins@review.openstack.org", 14}","{"ikke@nicolast.be", 2}","{"thiago@redhat.com", 2}","{"kb.sankethi@gmail.com", 1}","{"me@not.mn", 2}","{"fungi@yuggoth.org", 1}","{"caleb.tennis@gmail.com", 1}"
"{DateObject[{2015, 1, 1}], DateObject[{2015, 2, 1}]}","{"sam@swiftstack.com", 5}","{"ppai@redhat.com", 2}","{"alistair.coles@hp.com", 3}","{"mahati.chamarthy@gmail.com", 2}","{"kajinamit@nttdata.co.jp", 1}","{"jenkins@review.openstack.org", 32}","{"saranjan@cisco.com", 1}","{"bob.ball@citrix.com", 1}","{"zaitcev@kotori.zaitcev.us", 4}","{"me@not.mn", 1}","{"tolbkni@gmail.com", 1}","{"clay.gerrard@gmail.com", 4}","{"tsuyuzaki.kota@lab.ntt.co.jp", 2}","{"donagh.mccabe@hp.com", 1}","{"harshit@acelio.com", 1}","{"dhrish20@gmail.com", 1}","{"openstack-infra@lists.openstack.org", 1}"
"{DateObject[{2015, 2, 1}], DateObject[{2015, 3, 1}]}","{"ppai@redhat.com", 1}","{"alistair.coles@hp.com", 10}","{"miyahara.kazuhiro@lab.ntt.co.jp", 1}","{"donagh.mccabe@hp.com", 2}","{"richard.hawkins@rackspace.com", 4}","{"christian.schwede@enovance.com", 2}","{"thiago@redhat.com", 1}","{"jenkins@review.openstack.org", 41}","{"openstack-infra@lists.openstack.org", 4}","{"clay.gerrard@gmail.com", 6}","{"me@not.mn", 5}","{"mahati.chamarthy@gmail.com", 1}","{"zaitcev@kotori.zaitcev.us", 1}","{"sam@swiftstack.com", 3}","{"dpgoetz@gmail.com", 2}","{"tsuyuzaki.kota@lab.ntt.co.jp", 2}","{"arnaud.jost@ovh.net", 1}","{"lklrmn@gmail.com", 3}","{"morita.daisuke@lab.ntt.co.jp", 1}","{"jrichli@us.ibm.com", 1}","{"ikke@nicolast.be", 1}"
"{DateObject[{2015, 3, 1}], DateObject[{2015, 4, 1}]}","{"ppai@redhat.com", 2}","{"alistair.coles@hp.com", 4}","{"sam@swiftstack.com", 3}","{"ricardo.sff@gmail.com", 2}","{"me@not.mn", 2}","{"clay.gerrard@gmail.com", 2}","{"lorcan.browne@hp.com", 2}","{"osanai.hisashi@jp.fujitsu.com", 2}","{"christian.schwede@enovance.com", 2}","{"thiago@redhat.com", 2}","{"jenkins@review.openstack.org", 19}","{"tushar.gohad@intel.com", 1}","{"mkletzan@redhat.com", 1}","{"openstack-infra@lists.openstack.org", 3}","{"shigematsu.mitsuhiro@lab.ntt.co.jp", 1}","{"tsuyuzaki.kota@lab.ntt.co.jp", 3}","{"tolbkni@gmail.com", 1}","{"matt@oliver.net.au", 1}"
"{DateObject[{2015, 4, 1}], DateObject[{2015, 5, 1}]}","{"alistair.coles@hp.com", 6}","{"minwoob@us.ibm.com", 2}","{"clay.gerrard@gmail.com", 8}","{"tsuyuzaki.kota@lab.ntt.co.jp", 5}","{"me@not.mn", 3}","{"jenkins@review.openstack.org", 25}","{"ppai@redhat.com", 1}","{"christian.schwede@enovance.com", 3}","{"sam@swiftstack.com", 4}","{"aj@suse.de", 2}","{"tushar.gohad@intel.com", 2}","{"thierry@openstack.org", 1}","{"openstack-infra@lists.openstack.org", 2}","{"lorcan.browne@hp.com", 1}","{"mfedosin@mirantis.com", 1}"
"{DateObject[{2015, 5, 1}], DateObject[{2015, 6, 1}]}","{"pradeep.singh@nectechnologies.in", 2}","{"tsuyuzaki.kota@lab.ntt.co.jp", 4}","{"vstinner@redhat.com", 4}","{"me@not.mn", 2}","{"cschwede@redhat.com", 2}","{"minwoob@us.ibm.com", 1}","{"paul.e.luse@intel.com", 2}","{"darrell@swiftstack.com", 1}","{"mike@weirdlooking.com", 1}","{"jenkins@review.openstack.org", 24}","{"sam@swiftstack.com", 6}","{"openstack-infra@lists.openstack.org", 2}","{"tim.burke@gmail.com", 2}","{"michael.matur@gmail.com", 1}","{"clay.gerrard@gmail.com", 1}","{"thiago@redhat.com", 2}","{"alistair.coles@hp.com", 1}","{"zaitcev@kotori.zaitcev.us", 1}","{"contact@emcaz.fr", 1}","{"christian.schwede@enovance.com", 1}"
"{DateObject[{2015, 6, 1}], DateObject[{2015, 7, 1}]}","{"romain.ledisez@ovh.net", 1}","{"dpgoetz@gmail.com", 1}","{"alistair.coles@hp.com", 4}","{"janonymous.codevulture@gmail.com", 5}","{"falk.reimann@sap.com", 1}","{"ondrej.novy@firma.seznam.cz", 1}","{"charles0126@gmail.com", 1}","{"me@not.mn", 1}","{"sam@swiftstack.com", 4}","{"alexandra.settle@rackspace.com", 1}","{"aji.zqfan@gmail.com", 1}","{"clay.gerrard@gmail.com", 2}","{"jenkins@review.openstack.org", 25}","{"minwoob@us.ibm.com", 1}","{"cschwede@redhat.com", 4}","{"tsuyuzaki.kota@lab.ntt.co.jp", 1}","{"vstinner@redhat.com", 2}","{"paul.e.luse@intel.com", 1}","{"osanai.hisashi@jp.fujitsu.com", 1}","{"mark.seger@hp.com", 1}"
"{DateObject[{2015, 7, 1}], DateObject[{2015, 8, 1}]}","{"osanai.hisashi@jp.fujitsu.com", 4}","{"tsuyuzaki.kota@lab.ntt.co.jp", 5}","{"timur.alperovich@gmail.com", 2}","{"eranr@il.ibm.com", 2}","{"janonymous.codevulture@gmail.com", 20}","{"clay.gerrard@gmail.com", 10}","{"ccavanna@ca.ibm.com", 2}","{"pradeep.singh@nectechnologies.in", 1}","{"vstinner@redhat.com", 6}","{"alistair.coles@hp.com", 2}","{"blmartin@us.ibm.com", 1}","{"jenkins@review.openstack.org", 56}","{"darrell@swiftstack.com", 1}","{"charles0126@gmail.com", 1}","{"openstack-infra@lists.openstack.org", 3}","{"sam@swiftstack.com", 3}","{"morita.daisuke@lab.ntt.co.jp", 1}","{"sakaia@jp.fujitsu.com", 1}","{"roumani@ca.ibm.com", 1}","{"cschwede@redhat.com", 1}","{"tamizhgeek@gmail.com", 1}","{"me@not.mn", 2}","{"matt@oliver.net.au", 1}","{"oshritf@il.ibm.com", 1}","{"jrichli@us.ibm.com", 1}"
"{DateObject[{2015, 8, 1}], DateObject[{2015, 9, 1}]}","{"tim.burke@gmail.com", 3}","{"alistair.coles@hp.com", 4}","{"clay.gerrard@gmail.com", 6}","{"janonymous.codevulture@gmail.com", 8}","{"hurricanerix@gmail.com", 1}","{"vstinner@redhat.com", 8}","{"cschwede@redhat.com", 3}","{"paul.e.luse@intel.com", 3}","{"me@not.mn", 2}","{"jenkins@review.openstack.org", 53}","{"nakagawamsa@nttdata.co.jp", 1}","{"sam@swiftstack.com", 6}","{"miyahara.kazuhiro@lab.ntt.co.jp", 1}","{"tushar.gohad@intel.com", 1}","{"matt@oliver.net.au", 1}","{"osanai.hisashi@jp.fujitsu.com", 1}","{"ccavanna@ca.ibm.com", 1}","{"takaiak@nttdata.co.jp", 1}","{"wbhuber@us.ibm.com", 5}","{"ccontini@cloudops.com", 1}","{"roumani@ca.ibm.com", 1}","{"zakir.exe@gmail.com", 1}","{"zhaolei@cn.fujitsu.com", 2}","{"matsuda_kenichi@jp.fujitsu.com", 1}","{"zaitcev@kotori.zaitcev.us", 1}","{"charles0126@gmail.com", 1}","{"openstack-infra@lists.openstack.org", 1}","{"natsume.takashi@lab.ntt.co.jp", 1}","{"brian.reitz@oracle.com", 1}"
"{DateObject[{2015, 9, 1}], DateObject[{2015, 10, 1}]}","{"ondrej.novy@firma.seznam.cz", 1}","{"alistair.coles@hp.com", 4}","{"alexandra.settle@rackspace.com", 1}","{"sam@swiftstack.com", 2}","{"zdavis@swiftstack.com", 1}","{"clay.gerrard@gmail.com", 5}","{"jenkins@review.openstack.org", 33}","{"me@not.mn", 1}","{"tsuyuzaki.kota@lab.ntt.co.jp", 3}","{"openstack-infra@lists.openstack.org", 3}","{"tim.burke@gmail.com", 1}","{"minwoob@us.ibm.com", 2}","{"wbhuber@us.ibm.com", 2}","{"bcline@softlayer.com", 2}","{"speer.emett@gmail.com", 1}","{"cschwede@redhat.com", 1}"
"{DateObject[{2015, 10, 1}], DateObject[{2015, 11, 1}]}","{"alistair.coles@hp.com", 8}","{"peter.lisak@firma.seznam.cz", 7}","{"wbhuber@us.ibm.com", 3}","{"vstinner@redhat.com", 14}","{"clay.gerrard@gmail.com", 3}","{"tim.burke@gmail.com", 3}","{"hferenc@inf.u-szeged.hu", 1}","{"ganesh.mahalingam@intel.com", 2}","{"siva.radhakrishnan@intel.com", 1}","{"zdavis@swiftstack.com", 3}","{"paul.dardeau@intel.com", 4}","{"tushar.gohad@intel.com", 1}","{"sileht@redhat.com", 1}","{"jenkins@review.openstack.org", 49}","{"tsuyuzaki.kota@lab.ntt.co.jp", 3}","{"sam@swiftstack.com", 1}","{"openstack-infra@lists.openstack.org", 1}","{"alexandra.settle@rackspace.com", 1}","{"matt@oliver.net.au", 1}","{"mahati.chamarthy@gmail.com", 1}","{"zaitcev@kotori.zaitcev.us", 1}","{"ccavanna@ca.ibm.com", 1}","{"ondrej.novy@firma.seznam.cz", 2}","{"emile.snyder@gmail.com", 1}","{"cschwede@redhat.com", 2}","{"charles0126@gmail.com", 1}","{"me@not.mn", 1}"
"{DateObject[{2015, 11, 1}], DateObject[{2015, 12, 1}]}","{"peter.lisak@firma.seznam.cz", 3}","{"kajinamit@nttdata.co.jp", 1}","{"clay.gerrard@gmail.com", 1}","{"sam@swiftstack.com", 3}","{"ondrej.novy@firma.seznam.cz", 4}","{"wbhuber@us.ibm.com", 1}","{"p.venkatesh551@gmail.com", 2}","{"catherine@northcott.nz", 1}","{"tushar.gohad@intel.com", 1}","{"me@not.mn", 4}","{"jenkins@review.openstack.org", 42}","{"alistair.coles@hpe.com", 5}","{"tim.burke@gmail.com", 4}","{"zdavis@swiftstack.com", 1}","{"tsuyuzaki.kota@lab.ntt.co.jp", 2}","{"siva.radhakrishnan@intel.com", 1}","{"ganesh.mahalingam@intel.com", 1}","{"venkatamaheshkotha@gmail.com", 1}"
"{DateObject[{2015, 12, 1}], DateObject[{2016, 1, 1}]}","{"thiago@redhat.com", 1}","{"tsuyuzaki.kota@lab.ntt.co.jp", 3}","{"cschwede@redhat.com", 2}","{"charles0126@gmail.com", 1}","{"janonymous.codevulture@gmail.com", 1}","{"kajinamit@nttdata.co.jp", 1}","{"osanai.hisashi@jp.fujitsu.com", 6}","{"vancsics@inf.u-szeged.hu", 2}","{"ondrej.novy@firma.seznam.cz", 3}","{"sam@swiftstack.com", 2}","{"siva.radhakrishnan@intel.com", 1}","{"bartz@dkrz.de", 1}","{"tim.burke@gmail.com", 1}","{"peter.lisak@firma.seznam.cz", 1}","{"blmartin@us.ibm.com", 1}","{"timuralp@swiftstack.com", 1}","{"harshadak@metsi.co.uk", 1}","{"eric.guo@easystack.cn", 1}","{"jenkins@review.openstack.org", 31}","{"alistair.coles@hpe.com", 4}","{"matt@oliver.net.au", 1}","{"me@not.mn", 2}","{"yatinkumbhare@gmail.com", 1}","{"hgangwx@cn.ibm.com", 1}","{"mahati.chamarthy@gmail.com", 1}","{"clay.gerrard@gmail.com", 1}"
"{DateObject[{2016, 1, 1}], DateObject[{2016, 2, 1}]}","{"tsuyuzaki.kota@lab.ntt.co.jp", 3}","{"sam@swiftstack.com", 5}","{"tim.burke@gmail.com", 7}","{"jrichli@us.ibm.com", 1}","{"oshritf@il.ibm.com", 1}","{"wbhuber@us.ibm.com", 1}","{"alistair.coles@hpe.com", 9}","{"osanai.hisashi@jp.fujitsu.com", 2}","{"miyahara.kazuhiro@lab.ntt.co.jp", 2}","{"janonymous.codevulture@gmail.com", 1}","{"tomas.matlocha@firma.seznam.cz", 1}","{"richard.hawkins@rackspace.com", 2}","{"darrell@swiftstack.com", 1}","{"ondrej.novy@firma.seznam.cz", 5}","{"openstack-infra@lists.openstack.org", 2}","{"jenkins@review.openstack.org", 48}","{"li.mingyu@99cloud.net", 1}","{"thomas@goirand.fr", 1}","{"awellec@us.ibm.com", 1}","{"paul.e.luse@intel.com", 1}","{"me@not.mn", 3}","{"clay.gerrard@gmail.com", 3}","{"ke.liang@easystack.cn", 1}","{"timuralp@swiftstack.com", 2}","{"jlhinson@us.ibm.com", 1}","{"paul.dardeau@intel.com", 1}","{"tonytkdk@gmail.com", 1}"
"{DateObject[{2016, 2, 1}], DateObject[{2016, 3, 1}]}","{"siva.radhakrishnan@intel.com", 1}","{"sam@swiftstack.com", 3}","{"shashirekha.j.gundur@intel.com", 1}","{"oshritf@il.ibm.com", 1}","{"morita.daisuke@ntti3.com", 1}","{"tim.burke@gmail.com", 6}","{"cschwede@redhat.com", 6}","{"clay.gerrard@gmail.com", 6}","{"alexandra.settle@rackspace.com", 1}","{"charles0126@gmail.com", 1}","{"aj@suse.com", 1}","{"tsuyuzaki.kota@lab.ntt.co.jp", 3}","{"kajinamit@nttdata.co.jp", 2}","{"shcli@cn.ibm.com", 1}","{"jenkins@review.openstack.org", 55}","{"bjkeller@us.ibm.com", 1}","{"me@not.mn", 1}","{"alistair.coles@hpe.com", 3}","{"thiago@redhat.com", 1}","{"jrichli@us.ibm.com", 1}","{"ondrej.novy@firma.seznam.cz", 4}","{"donagh.mccabe@hp.com", 1}","{"miyahara.kazuhiro@lab.ntt.co.jp", 2}","{"chaozhe.chen@easystack.cn", 1}","{"ankur.gupta@intel.com", 1}","{"sarafraj.singh@intel.com", 2}","{"lr699s@att.com", 1}","{"gh159m@att.com", 1}","{"berendt@b1-systems.de", 1}","{"bartz@dkrz.de", 1}","{"li.mingyu@99cloud.net", 1}","{"janonymous.codevulture@gmail.com", 1}","{"venkatamaheshkotha@gmail.com", 1}","{"eranr@il.ibm.com", 1}","{"dangming@unitedstack.com", 1}","{"qiaowei.ren@intel.com", 2}"
"{DateObject[{2016, 3, 1}], DateObject[{2016, 4, 1}]}","{"sam@swiftstack.com", 5}","{"siva.radhakrishnan@intel.com", 1}","{"aj@suse.com", 2}","{"alistair.coles@hpe.com", 11}","{"clay.gerrard@gmail.com", 6}","{"andy.mccrae@gmail.com", 1}","{"tim.burke@gmail.com", 2}","{"jenkins@review.openstack.org", 62}","{"phuongnh@vn.fujitsu.com", 1}","{"openstack-infra@lists.openstack.org", 11}","{"anhtt@vn.fujitsu.com", 1}","{"david.liu@cn.ibm.com", 1}","{"me@not.mn", 1}","{"cschwede@redhat.com", 2}","{"oshritf@il.ibm.com", 1}","{"paul.dardeau@intel.com", 1}","{"tsuyuzaki.kota@lab.ntt.co.jp", 1}","{"bcline@softlayer.com", 1}","{"zhang.guoqing@99cloud.net", 1}","{"donagh.mccabe@hp.com", 1}","{"osapryc@us.ibm.com", 2}","{"mahati.chamarthy@gmail.com", 1}","{"morita.daisuke@ntti3.com", 1}","{"zaitcev@kotori.zaitcev.us", 1}"
"{DateObject[{2016, 4, 1}], DateObject[{2016, 5, 1}]}","{"tim.burke@gmail.com", 6}","{"tsuyuzaki.kota@lab.ntt.co.jp", 1}","{"felix.cantournet@cloudwatt.com", 1}","{"sam@swiftstack.com", 4}","{"cschwede@redhat.com", 3}","{"me@not.mn", 2}","{"jenkins@review.openstack.org", 33}","{"kellerbr@us.ibm.com", 1}","{"aji.zqfan@gmail.com", 2}","{"bcline@us.ibm.com", 2}","{"dmeltsaykin@mirantis.com", 1}","{"openstack-infra@lists.openstack.org", 3}","{"dukhlov@mirantis.com", 1}","{"dharmendra.kushwaha@nectechnologies.in", 1}","{"tl3438@att.com", 2}","{"ondrej.novy@firma.seznam.cz", 1}","{"alistair.coles@hpe.com", 2}","{"phuongnh@vn.fujitsu.com", 1}","{"thiago@redhat.com", 2}","{"siva.radhakrishnan@intel.com", 1}","{"shcli@cn.ibm.com", 1}","{"kato.tomoyuki@jp.fujitsu.com", 1}"
"{DateObject[{2016, 5, 1}], DateObject[{2016, 6, 1}]}","{"nandini.tata.15@gmail.com", 1}","{"mohit.motiani@intel.com", 4}","{"cloud-user@bounce.cisco.com", 1}","{"me@not.mn", 1}","{"ondrej.novy@firma.seznam.cz", 2}","{"tim.burke@gmail.com", 4}","{"jenkins@review.openstack.org", 39}","{"clay.gerrard@gmail.com", 1}","{"cschwede@redhat.com", 1}","{"matt@oliver.net.au", 2}","{"alistair.coles@hpe.com", 4}","{"bcline@us.ibm.com", 1}","{"tsuyuzaki.kota@lab.ntt.co.jp", 2}","{"amoralej@redhat.com", 1}","{"andy.mccrae@gmail.com", 1}","{"venkatamaheshkotha@gmail.com", 1}","{"bober@us.ibm.com", 1}","{"sam@swiftstack.com", 3}","{"paul.dardeau@intel.com", 2}","{"saverio.proto@switch.ch", 1}","{"bartz@dkrz.de", 1}"
"{DateObject[{2016, 6, 1}], DateObject[{2016, 7, 1}]}","{"alistair.coles@hpe.com", 6}","{"oro@il.ibm.com", 2}","{"matt@oliver.net.au", 1}","{"cschwede@redhat.com", 5}","{"vstinner@redhat.com", 6}","{"tim.burke@gmail.com", 9}","{"pkovar@redhat.com", 1}","{"bcline@us.ibm.com", 1}","{"jrichli@us.ibm.com", 2}","{"zheng.yao1@zte.com.cn", 1}","{"liang.jingtao@zte.com.cn", 1}","{"aj@suse.com", 1}","{"me@not.mn", 3}","{"tsuyuzaki.kota@lab.ntt.co.jp", 2}","{"sam@swiftstack.com", 1}","{"jenkins@review.openstack.org", 14}","{"mohit.motiani@intel.com", 1}","{"openstack-infra@lists.openstack.org", 2}","{"thiago@redhat.com", 1}","{"nelsonmarcos@gmail.com", 1}"
"{DateObject[{2016, 7, 1}], DateObject[{2016, 8, 1}]}","{"mahati.chamarthy@gmail.com", 1}","{"alistair.coles@hpe.com", 10}","{"yin.zheng@easystack.cn", 4}","{"cschwede@redhat.com", 1}","{"jrichli@us.ibm.com", 2}","{"lokesh.s@hp.com", 3}","{"pkovar@redhat.com", 1}","{"pauldardeau@gmail.com", 1}","{"antal@inf.u-szeged.hu", 4}","{"jenkins@review.openstack.org", 72}","{"vancsics@inf.u-szeged.hu", 2}","{"geng.changcai2@zte.com.cn", 1}","{"nandini.tata.15@gmail.com", 2}","{"rebeccax.finn@intel.com", 1}","{"vstinner@redhat.com", 2}","{"clay.gerrard@gmail.com", 4}","{"ellen.mar.leahy@hpe.com", 1}","{"shcli@cn.ibm.com", 3}","{"tim.burke@gmail.com", 9}","{"tsuyuzaki.kota@lab.ntt.co.jp", 2}","{"me@not.mn", 2}","{"mohit.motiani@intel.com", 4}","{"openstack-infra@lists.openstack.org", 1}","{"savoreux69@gmail.com", 3}","{"miyahara.kazuhiro@lab.ntt.co.jp", 1}","{"yu.yafei@zte.com.cn", 3}"
"{DateObject[{2016, 8, 1}], DateObject[{2016, 9, 1}]}","{"tim.burke@gmail.com", 5}","{"donagh.mccabe@hp.com", 1}","{"nandini.tata.15@gmail.com", 1}","{"mohit.motiani@intel.com", 2}","{"vstinner@redhat.com", 2}","{"ondrej.novy@firma.seznam.cz", 1}","{"cschwede@redhat.com", 1}","{"timuralp@swiftstack.com", 2}","{"geng.changcai2@zte.com.cn", 1}","{"jenkins@review.openstack.org", 59}","{"yin.zheng@easystack.cn", 9}","{"ge.cong@zte.com.cn", 1}","{"zhu.fanglei@zte.com.cn", 1}","{"matt@oliver.net.au", 1}","{"clay.gerrard@gmail.com", 1}","{"jrichli@us.ibm.com", 1}","{"graham.hayes@hpe.com", 1}","{"peter.lisak@firma.seznam.cz", 1}","{"tsuyuzaki.kota@lab.ntt.co.jp", 3}","{"alistair.coles@hpe.com", 5}","{"charles0126@gmail.com", 1}","{"liujiong@gohighsec.com", 1}","{"aj@suse.com", 1}","{"thiago@redhat.com", 2}","{"nakul.dahiwade@intel.com", 1}","{"shashank.kumar.shankar@intel.com", 1}","{"cdoron@il.ibm.com", 1}","{"kato.tomoyuki@jp.fujitsu.com", 1}","{"shashirekha.j.gundur@intel.com", 2}","{"houwch@gohighsec.com", 1}","{"mike@weirdlooking.com", 1}","{"sam@swiftstack.com", 1}","{"fwsakura@163.com", 1}"