"{DateObject[{2012, 5, 1}], DateObject[{2012, 6, 1}]}","{"statiko@us.ibm.com", 6}","{"ytian@us.ibm.com", 8}","{"drburdic@us.ibm.com", 7}","{"jihongma@us.ibm.com", 9}","{"mboehm@us.ibm.com", 3}","{"haojunw@us.ibm.com", 2}","{"evfimi@us.ibm.com", 1}","{"tzhang@us.ibm.com", 4}"
"{DateObject[{2012, 6, 1}], DateObject[{2012, 7, 1}]}","{"mboehm@us.ibm.com", 12}","{"drburdic@us.ibm.com", 15}","{"ytian@us.ibm.com", 6}","{"haojunw@us.ibm.com", 2}","{"statiko@us.ibm.com", 6}","{"jihongma@us.ibm.com", 10}","{"tzhang@us.ibm.com", 3}","{"evfimi@us.ibm.com", 4}","{"aghoting@us.ibm.com", 1}"
"{DateObject[{2012, 7, 1}], DateObject[{2012, 8, 1}]}","{"minchiosa@us.ibm.com", 1}","{"drburdic@us.ibm.com", 8}","{"statiko@us.ibm.com", 6}","{"tzhang@us.ibm.com", 23}","{"pshen@us.ibm.com", 1}","{"haojunw@us.ibm.com", 10}","{"mboehm@us.ibm.com", 17}","{"ytian@us.ibm.com", 2}","{"aghoting@us.ibm.com", 1}"
"{DateObject[{2012, 8, 1}], DateObject[{2012, 9, 1}]}","{"senp@us.ibm.com", 12}","{"tzhang@us.ibm.com", 13}","{"statiko@us.ibm.com", 19}","{"mboehm@us.ibm.com", 35}","{"jihongma@us.ibm.com", 14}","{"haojunw@us.ibm.com", 13}","{"drburdic@us.ibm.com", 7}","{"minchiosa@us.ibm.com", 24}","{"ytian@us.ibm.com", 3}"
"{DateObject[{2012, 9, 1}], DateObject[{2012, 10, 1}]}","{"mboehm@us.ibm.com", 47}","{"drburdic@us.ibm.com", 22}","{"statiko@us.ibm.com", 23}","{"tzhang@us.ibm.com", 36}","{"ytian@us.ibm.com", 14}","{"haojunw@us.ibm.com", 25}","{"senp@us.ibm.com", 13}","{"jihongma@us.ibm.com", 56}","{"minchiosa@us.ibm.com", 1}","{"aghoting@us.ibm.com", 2}","{"reinwald@us.ibm.com", 1}"
"{DateObject[{2012, 10, 1}], DateObject[{2012, 11, 1}]}","{"haojunw@us.ibm.com", 12}","{"tzhang@us.ibm.com", 21}","{"drburdic@us.ibm.com", 4}","{"mboehm@us.ibm.com", 25}","{"jihongma@us.ibm.com", 10}","{"senp@us.ibm.com", 12}","{"statiko@us.ibm.com", 3}","{"aghoting@us.ibm.com", 2}","{"ytian@us.ibm.com", 2}"
"{DateObject[{2012, 11, 1}], DateObject[{2012, 12, 1}]}","{"mboehm@us.ibm.com", 47}","{"haojunw@us.ibm.com", 11}","{"drburdic@us.ibm.com", 8}","{"reinwald@us.ibm.com", 1}","{"jihongma@us.ibm.com", 7}","{"tzhang@us.ibm.com", 9}","{"oscar.lara.yejas@us.ibm.com", 9}","{"statiko@us.ibm.com", 3}","{"senp@us.ibm.com", 1}","{"ytian@us.ibm.com", 2}"
"{DateObject[{2012, 12, 1}], DateObject[{2013, 1, 1}]}","{"mboehm@us.ibm.com", 7}","{"haojunw@us.ibm.com", 2}","{"jihongma@us.ibm.com", 4}","{"senp@us.ibm.com", 1}","{"statiko@us.ibm.com", 1}"
"{DateObject[{2013, 1, 1}], DateObject[{2013, 2, 1}]}","{"mboehm@us.ibm.com", 20}","{"haojunw@us.ibm.com", 6}","{"drburdic@us.ibm.com", 2}","{"statiko@us.ibm.com", 4}","{"dmcote@us.ibm.com", 1}","{"ytian@us.ibm.com", 1}"
"{DateObject[{2013, 2, 1}], DateObject[{2013, 3, 1}]}","{"statiko@us.ibm.com", 4}","{"mboehm@us.ibm.com", 16}","{"oscar.lara.yejas@us.ibm.com", 1}","{"ytian@us.ibm.com", 1}","{"jihongma@us.ibm.com", 1}","{"haojunw@us.ibm.com", 6}","{"tzhang@us.ibm.com", 10}","{"drburdic@us.ibm.com", 4}"
"{DateObject[{2013, 3, 1}], DateObject[{2013, 4, 1}]}","{"haojunw@us.ibm.com", 7}","{"mboehm@us.ibm.com", 5}","{"senp@us.ibm.com", 2}","{"statiko@us.ibm.com", 1}","{"drburdic@us.ibm.com", 3}","{"jihongma@us.ibm.com", 1}","{"ytian@us.ibm.com", 1}"
"{DateObject[{2013, 4, 1}], DateObject[{2013, 5, 1}]}","{"tzhang@us.ibm.com", 2}","{"mboehm@us.ibm.com", 11}","{"ytian@us.ibm.com", 1}","{"reinwald@us.ibm.com", 1}","{"drburdic@us.ibm.com", 1}"
"{DateObject[{2013, 5, 1}], DateObject[{2013, 6, 1}]}","{"drburdic@us.ibm.com", 5}","{"mboehm@us.ibm.com", 23}","{"senp@us.ibm.com", 1}","{"evfimi@us.ibm.com", 1}","{"jihongma@us.ibm.com", 1}"
"{DateObject[{2013, 6, 1}], DateObject[{2013, 7, 1}]}","{"senp@us.ibm.com", 4}","{"drburdic@us.ibm.com", 1}","{"statiko@us.ibm.com", 8}","{"reinwald@us.ibm.com", 1}","{"mboehm@us.ibm.com", 22}","{"ytian@us.ibm.com", 4}"
"{DateObject[{2013, 7, 1}], DateObject[{2013, 8, 1}]}","{"senp@us.ibm.com", 3}","{"mboehm@us.ibm.com", 18}","{"statiko@us.ibm.com", 3}","{"sschelt@us.ibm.com", 1}","{"ytian@us.ibm.com", 1}"
"{DateObject[{2013, 8, 1}], DateObject[{2013, 9, 1}]}","{"statiko@us.ibm.com", 2}","{"mboehm@us.ibm.com", 24}","{"haojunw@us.ibm.com", 2}","{"ytian@us.ibm.com", 1}","{"drburdic@us.ibm.com", 4}","{"evfimi@us.ibm.com", 1}","{"senp@us.ibm.com", 1}"
"{DateObject[{2013, 9, 1}], DateObject[{2013, 10, 1}]}","{"mboehm@us.ibm.com", 32}","{"haojunw@us.ibm.com", 1}","{"statiko@us.ibm.com", 2}"
"{DateObject[{2013, 10, 1}], DateObject[{2013, 11, 1}]}","{"senp@us.ibm.com", 2}","{"statiko@us.ibm.com", 8}","{"ytian@us.ibm.com", 2}","{"mboehm@us.ibm.com", 19}","{"drburdic@us.ibm.com", 3}","{"reinwald@us.ibm.com", 2}","{"haojunw@us.ibm.com", 1}"
"{DateObject[{2013, 11, 1}], DateObject[{2013, 12, 1}]}","{"haojunw@us.ibm.com", 2}","{"mboehm@us.ibm.com", 15}","{"drburdic@us.ibm.com", 10}","{"statiko@us.ibm.com", 5}","{"reinwald@us.ibm.com", 1}","{"senp@us.ibm.com", 3}","{"ytian@us.ibm.com", 3}"
"{DateObject[{2013, 12, 1}], DateObject[{2014, 1, 1}]}","{"mboehm@us.ibm.com", 31}","{"drburdic@us.ibm.com", 6}","{"statiko@us.ibm.com", 9}","{"evfimi@us.ibm.com", 1}"
"{DateObject[{2014, 1, 1}], DateObject[{2014, 2, 1}]}","{"mboehm@us.ibm.com", 44}","{"statiko@us.ibm.com", 4}","{"drburdic@us.ibm.com", 1}"
"{DateObject[{2014, 2, 1}], DateObject[{2014, 3, 1}]}","{"reinwald@us.ibm.com", 3}","{"mboehm@us.ibm.com", 20}","{"statiko@us.ibm.com", 1}"
"{DateObject[{2014, 3, 1}], DateObject[{2014, 4, 1}]}","{"reinwald@us.ibm.com", 5}","{"senp@us.ibm.com", 4}","{"mboehm@us.ibm.com", 43}","{"statiko@us.ibm.com", 13}","{"sksub@us.ibm.com", 1}","{"peiyu@us.ibm.com", 5}","{"drburdic@us.ibm.com", 1}","{"rvelega@us.ibm.com", 2}"
"{DateObject[{2014, 4, 1}], DateObject[{2014, 5, 1}]}","{"mboehm@us.ibm.com", 39}","{"peiyu@us.ibm.com", 2}","{"reinwald@us.ibm.com", 1}","{"statiko@us.ibm.com", 3}","{"drburdic@us.ibm.com", 2}","{"evfimi@us.ibm.com", 5}","{"venkatra@us.ibm.com", 1}","{"senp@us.ibm.com", 2}"
"{DateObject[{2014, 5, 1}], DateObject[{2014, 6, 1}]}","{"mboehm@us.ibm.com", 58}","{"reinwald@us.ibm.com", 2}","{"evfimi@us.ibm.com", 2}","{"statiko@us.ibm.com", 2}","{"senp@us.ibm.com", 4}","{"cou@us.ibm.com", 1}","{"imcbbld@us.ibm.com", 4}","{"peiyu@us.ibm.com", 2}","{"oscar.lara.yejas@us.ibm.com", 1}","{"rvelega@us.ibm.com", 2}"
"{DateObject[{2014, 6, 1}], DateObject[{2014, 7, 1}]}","{"senp@us.ibm.com", 6}","{"mboehm@us.ibm.com", 35}","{"statiko@us.ibm.com", 6}","{"evfimi@us.ibm.com", 5}","{"reinwald@us.ibm.com", 3}","{"rvelega@us.ibm.com", 1}","{"imcbbld@us.ibm.com", 10}"
"{DateObject[{2014, 7, 1}], DateObject[{2014, 8, 1}]}","{"evfimi@us.ibm.com", 7}","{"mboehm@us.ibm.com", 28}","{"senp@us.ibm.com", 10}","{"frreiss@us.ibm.com", 1}","{"reinwald@us.ibm.com", 6}","{"ytian@us.ibm.com", 1}","{"statiko@us.ibm.com", 1}"
"{DateObject[{2014, 8, 1}], DateObject[{2014, 9, 1}]}","{"mboehm@us.ibm.com", 33}","{"senp@us.ibm.com", 19}","{"evfimi@us.ibm.com", 10}","{"statiko@us.ibm.com", 13}","{"reinwald@us.ibm.com", 2}","{"wzhuang@us.ibm.com", 1}"
"{DateObject[{2014, 9, 1}], DateObject[{2014, 10, 1}]}","{"mboehm@us.ibm.com", 25}","{"senp@us.ibm.com", 6}","{"statiko@us.ibm.com", 1}","{"npansar@us.ibm.com", 3}","{"drburdic@us.ibm.com", 2}","{"reinwald@us.ibm.com", 2}"
"{DateObject[{2014, 10, 1}], DateObject[{2014, 11, 1}]}","{"frreiss@us.ibm.com", 2}","{"senp@us.ibm.com", 9}","{"imcbbld@us.ibm.com", 2}","{"npansar@us.ibm.com", 10}","{"evfimi@us.ibm.com", 1}","{"reinwald@us.ibm.com", 6}","{"statiko@us.ibm.com", 4}","{"mboehm@us.ibm.com", 27}"
"{DateObject[{2014, 11, 1}], DateObject[{2014, 12, 1}]}","{"mboehm@us.ibm.com", 57}","{"statiko@us.ibm.com", 5}","{"npansar@us.ibm.com", 6}","{"senp@us.ibm.com", 14}","{"reinwald@us.ibm.com", 5}","{"frreiss@us.ibm.com", 6}","{"wzhuang@us.ibm.com", 1}"
"{DateObject[{2014, 12, 1}], DateObject[{2015, 1, 1}]}","{"statiko@us.ibm.com", 3}","{"mboehm@us.ibm.com", 19}","{"senp@us.ibm.com", 4}","{"npansar@us.ibm.com", 3}","{"imcbbld@us.ibm.com", 4}","{"evfimi@us.ibm.com", 2}","{"dkumar@us.ibm.com", 1}","{"reinwald@us.ibm.com", 3}"
"{DateObject[{2015, 1, 1}], DateObject[{2015, 2, 1}]}","{"mboehm@us.ibm.com", 72}","{"dkumar@us.ibm.com", 2}","{"npansar@us.ibm.com", 9}","{"reinwald@us.ibm.com", 3}","{"senp@us.ibm.com", 1}","{"frreiss@us.ibm.com", 6}","{"statiko@us.ibm.com", 7}"
"{DateObject[{2015, 2, 1}], DateObject[{2015, 3, 1}]}","{"frreiss@us.ibm.com", 14}","{"jammurp@us.ibm.com", 2}","{"imcbbld@us.ibm.com", 8}","{"mboehm@us.ibm.com", 48}","{"statiko@us.ibm.com", 2}","{"npansar@us.ibm.com", 3}","{"hsahota@us.ibm.com", 6}","{"dkumar@us.ibm.com", 1}"
"{DateObject[{2015, 3, 1}], DateObject[{2015, 4, 1}]}","{"imcbbld@us.ibm.com", 7}","{"npansar@us.ibm.com", 8}","{"dkumar@us.ibm.com", 5}","{"mboehm@us.ibm.com", 34}","{"statiko@us.ibm.com", 11}","{"senp@us.ibm.com", 7}","{"frreiss@us.ibm.com", 27}","{"wzhuang@us.ibm.com", 2}","{"hsahota@us.ibm.com", 2}","{"reinwald@us.ibm.com", 1}"
"{DateObject[{2015, 4, 1}], DateObject[{2015, 5, 1}]}","{"mboehm@us.ibm.com", 65}","{"npansar@us.ibm.com", 15}","{"jammurp@us.ibm.com", 1}","{"statiko@us.ibm.com", 1}","{"imcbbld@us.ibm.com", 1}","{"dkumar@us.ibm.com", 1}"
"{DateObject[{2015, 5, 1}], DateObject[{2015, 6, 1}]}","{"npansar@us.ibm.com", 13}","{"narine.kokhlikyan@us.ibm.com", 6}","{"mboehm@us.ibm.com", 72}","{"fmakari@us.ibm.com", 5}","{"statiko@us.ibm.com", 2}","{"dkumar@us.ibm.com", 3}"
"{DateObject[{2015, 6, 1}], DateObject[{2015, 7, 1}]}","{"dkumar@us.ibm.com", 2}","{"fmakari@us.ibm.com", 22}","{"narine.kokhlikyan@us.ibm.com", 9}","{"mboehm@us.ibm.com", 85}","{"statiko@us.ibm.com", 3}","{"npansar@us.ibm.com", 7}","{"wzhuang@us.ibm.com", 1}"
"{DateObject[{2015, 7, 1}], DateObject[{2015, 8, 1}]}","{"evfimi@us.ibm.com", 2}","{"fmakari@us.ibm.com", 31}","{"statiko@us.ibm.com", 22}","{"mboehm@us.ibm.com", 107}","{"npansar@us.ibm.com", 28}","{"hsahota@us.ibm.com", 1}","{"shegde@us.ibm.com", 3}","{"dkumar@us.ibm.com", 3}","{"reinwald@us.ibm.com", 1}","{"wzhuang@us.ibm.com", 1}"
"{DateObject[{2015, 8, 1}], DateObject[{2015, 9, 1}]}","{"mboehm@us.ibm.com", 138}","{"npansar@us.ibm.com", 25}","{"statiko@us.ibm.com", 17}","{"deron@us.ibm.com", 9}","{"akchin@us.ibm.com", 1}","{"lresende@apache.org", 16}","{"frreiss@us.ibm.com", 18}","{"singhal@us.ibm.com", 12}","{"mwdusenb@us.ibm.com", 1}","{"niketanpansare@users.noreply.github.com", 2}","{"fmakari@us.ibm.com", 19}","{"reinwald@us.ibm.com", 4}","{"narine.kokhlikyan@us.ibm.com", 2}","{"imcbbld@us.ibm.com", 2}","{"asurve@us.ibm.com", 7}","{"akchin@oc7356513057.ibm.com", 1}"
"{DateObject[{2015, 9, 1}], DateObject[{2015, 10, 1}]}","{"deron@us.ibm.com", 13}","{"gweidner@us.ibm.com", 2}","{"mboehm@us.ibm.com", 66}","{"statiko@us.ibm.com", 10}","{"fmakari@ibm.us.com", 1}","{"akchin@us.ibm.com", 1}","{"acs_s@yahoo.com", 4}","{"ckadner@us.ibm.com", 5}","{"jimmy@zephlit.com", 1}","{"npansar@us.ibm.com", 6}","{"lresende@apache.org", 1}","{"mwdusenb@us.ibm.com", 1}"
"{DateObject[{2015, 10, 1}], DateObject[{2015, 11, 1}]}","{"mboehm@us.ibm.com", 66}","{"deron@us.ibm.com", 6}","{"acs_s@yahoo.com", 7}","{"npansar@us.ibm.com", 9}","{"lresende@apache.org", 10}","{"gweidner@us.ibm.com", 3}","{"statiko@us.ibm.com", 7}","{"ckadner@us.ibm.com", 1}","{"mwdusenb@us.ibm.com", 1}"
"{DateObject[{2015, 11, 1}], DateObject[{2015, 12, 1}]}","{"deron@us.ibm.com", 5}","{"shirish.tatikonda@gmail.com", 4}","{"mboehm@us.ibm.com", 28}","{"statiko@us.ibm.com", 2}","{"mwdusenb@us.ibm.com", 3}","{"lresende@apache.org", 1}","{"ckadner@us.ibm.com", 1}","{"gweidner@us.ibm.com", 8}","{"acs_s@yahoo.com", 1}","{"npansar@us.ibm.com", 1}"
"{DateObject[{2015, 12, 1}], DateObject[{2016, 1, 1}]}","{"deron@us.ibm.com", 9}","{"nishiyama.tatsuya0@gmail.com", 1}","{"gweidner@us.ibm.com", 7}","{"tummyyu@163.com", 2}","{"mboehm@us.ibm.com", 18}","{"ozawa@apache.org", 2}","{"shirish.tatikonda@gmail.com", 1}","{"npansar@us.ibm.com", 8}","{"lresende@apache.org", 7}","{"mwdusenb@us.ibm.com", 2}"
"{DateObject[{2016, 1, 1}], DateObject[{2016, 2, 1}]}","{"deron@us.ibm.com", 14}","{"gweidner@us.ibm.com", 2}","{"mboehm@us.ibm.com", 65}","{"lresende@apache.org", 9}","{"mwdusenb@us.ibm.com", 12}","{"nakul02@gmail.com", 1}","{"npansar@us.ibm.com", 4}","{"ozawa@apache.org", 1}"
"{DateObject[{2016, 2, 1}], DateObject[{2016, 3, 1}]}","{"mboehm@us.ibm.com", 11}","{"deron@us.ibm.com", 12}","{"lresende@apache.org", 4}","{"npansar@us.ibm.com", 3}","{"fmakari@ibm.us.com", 1}","{"mwdusenb@us.ibm.com", 3}","{"nakul02@gmail.com", 1}","{"acs_s@yahoo.com", 2}"
"{DateObject[{2016, 3, 1}], DateObject[{2016, 4, 1}]}","{"mboehm@us.ibm.com", 58}","{"deron@us.ibm.com", 5}","{"tummyyu@163.com", 2}","{"acs_s@yahoo.com", 7}","{"mwdusenb@us.ibm.com", 2}","{"gweidner@us.ibm.com", 3}","{"nakul02@gmail.com", 1}"
"{DateObject[{2016, 4, 1}], DateObject[{2016, 5, 1}]}","{"mboehm@us.ibm.com", 53}","{"lresende@apache.org", 1}","{"senp@us.ibm.com", 3}","{"npansar@us.ibm.com", 7}","{"acs_s@yahoo.com", 5}","{"gweidner@us.ibm.com", 4}","{"281165273@qq.com", 2}","{"tummyyu@163.com", 3}","{"deron@us.ibm.com", 7}","{"fmakari@us.ibm.com", 1}","{"mwdusenb@us.ibm.com", 1}","{"ethanxu@us.ibm.com", 2}"
"{DateObject[{2016, 5, 1}], DateObject[{2016, 6, 1}]}","{"nishiyama.tatsuya0@gmail.com", 4}","{"mwdusenb@us.ibm.com", 7}","{"mboehm@us.ibm.com", 14}","{"senp@us.ibm.com", 2}","{"lresende@apache.org", 10}","{"deron@us.ibm.com", 18}","{"gweidner@us.ibm.com", 7}","{"npansar@us.ibm.com", 3}","{"nakul02@gmail.com", 2}","{"tummyyu@163.com", 1}","{"acs_s@yahoo.com", 3}","{"ethanxu@us.ibm.com", 2}"
"{DateObject[{2016, 6, 1}], DateObject[{2016, 7, 1}]}","{"madisonjmyers@gmail.com", 1}","{"acs_s@yahoo.com", 2}","{"mwdusenb@us.ibm.com", 9}","{"mboehm@us.ibm.com", 35}","{"gweidner@us.ibm.com", 4}","{"npansar@us.ibm.com", 7}","{"deron@us.ibm.com", 4}","{"sandeep.narayanaswami@capitalone.com", 1}","{"mks542@nyu.edu", 1}","{"tarek.elgamal@gmail.com", 1}","{"lresende@apache.org", 5}"
"{DateObject[{2016, 7, 1}], DateObject[{2016, 8, 1}]}","{"mboehm@us.ibm.com", 37}","{"deron@us.ibm.com", 4}","{"jakob@odersky.com", 1}","{"mwdusenb@us.ibm.com", 6}","{"acs_s@yahoo.com", 2}","{"sandeep.narayanaswami@capitalone.com", 1}","{"npansar@us.ibm.com", 5}","{"nakul02@gmail.com", 1}","{"tarek.elgamal@gmail.com", 1}","{"madisonjmyers@gmail.com", 1}","{"nick@manchev.org", 1}","{"nishiyama.tatsuya0@gmail.com", 2}"
"{DateObject[{2016, 8, 1}], DateObject[{2016, 9, 1}]}","{"npansar@us.ibm.com", 9}","{"acs_s@yahoo.com", 2}","{"deron@us.ibm.com", 14}","{"mboehm@us.ibm.com", 17}","{"gweidner@us.ibm.com", 2}","{"mwdusenb@us.ibm.com", 8}","{"nakul02@gmail.com", 1}","{"mks542@nyu.edu", 1}","{"sandeep.narayanaswami@capitalone.com", 1}","{"singhal@us.ibm.com", 1}","{"taasawat@ece.ubc.ca", 1}"
"{DateObject[{2016, 9, 1}], DateObject[{2016, 10, 1}]}","{"mboehm@us.ibm.com", 51}","{"npansar@us.ibm.com", 6}","{"acs_s@yahoo.com", 9}","{"deron@us.ibm.com", 17}","{"gweidner@us.ibm.com", 3}","{"sandeep.narayanaswami@capitalone.com", 1}","{"lresende@apache.org", 3}","{"mwdusenb@us.ibm.com", 12}","{"romeo.kienzler@gmail.com", 2}","{"jeremyanderson@jeremys-macbook-pro-3.local", 1}","{"nakul02@gmail.com", 2}","{"mks542@nyu.edu", 1}"
"{DateObject[{2016, 10, 1}], DateObject[{2016, 11, 1}]}","{"deron@us.ibm.com", 7}","{"gweidner@us.ibm.com", 3}","{"lresende@apache.org", 7}","{"acs_s@yahoo.com", 1}","{"jdyer@apache.org", 1}","{"mboehm7@gmail.com", 2}","{"npansar@us.ibm.com", 3}","{"mwdusenb@us.ibm.com", 4}","{"mboehm@us.ibm.com", 20}"
"{DateObject[{2016, 11, 1}], DateObject[{2016, 12, 1}]}","{"felix.schueler@ibm.com", 3}","{"kevin.bates@us.ibm.com", 1}","{"deron@us.ibm.com", 15}","{"gweidner@us.ibm.com", 4}","{"npansar@us.ibm.com", 7}","{"nakul02@gmail.com", 4}","{"mboehm7@gmail.com", 3}","{"lresende@apache.org", 3}"