ArkadyKanevsky,2
Alexey Khodos,5
zhangguoqing,4
Hahyun,1
eduardBM,1
chenzongliang,9
yixuan,1
ShunliZhou,1
Matan Sabag,14
Bertrand Lallau,3
Ondřej Nový,1
kshimamu,1
Vladimir Popovski,2
Li Min Liu,8
Shane Wang,1
wangxiyuan,33
Dirk Mueller,49
Ivy Zhang,2
Liu Xinguo,4
Walter A. Boring IV,125
Ray Chen,2
Swapnil Kulkarni,4
Danny Al-Gaaf,16
Nicholas Jones,3
Helen Walsh,70
Flavio Percoco,10
Eoghan Glynn,7
Tom Barron,81
Accela Zhao,5
Liang Chen,2
Takeaki Matsumoto,1
Xing Yang,99
Xinli Guan,10
liuke2,5
Sebastian Jeuk,1
savihou,1
Duncan Thomas,13
liuxinguo,2
JordanP,5
Alan Meadows,1
Pavel Boldin,1
rajinir,11
huananhuawei,8
Rohit Karajgi,1
Silvan Kaiser,12
Lucio Seki,1
Ken'ichi Ohmichi,16
scott-dangelo,2
Ryan LIANG,2
Christoph Kassen,2
Tom Patzig,2
Kai Zhang,1
AmitKumarDas,1
Shlomi Sasson,1
Abhilash Divakaran,4
"MENJO, Takashi",1
Swapnil Nilangekar,1
OpenStack Jenkins,134
Cao ShuFeng,15
Frederic Lepied,1
Erickson Santos,4
Javeme,5
Diem Tran,3
Yasuaki Nagata,1
Seiji Aguchi,3
Xavier Queralt,4
Pradeep Sathasivam,3
Abhiram Moturi,3
gtt116,1
Emilien Macchi,3
Jeff Applewhite,2
Sasikanth,5
yuhui_inspur,1
Zhenguo Niu,2
Clark Boylan,3
Abhishek Kekane,2
Mykhailo Dovgal,18
Gorka Eguileor,152
Evgeny Antyshev,3
Cory Stone,9
Bob-OpenStack,3
Ben Swartzlander,12
Matthew Thode,1
Szymon Borkowski,7
Abel Lopez,2
Sean McGinnis,125
pawnesh.kumar,2
Andrew Forrest,3
Jess Egler,1
Kartik Bommepally,8
Abhishek Lekshmanan,2
Arne Wiebalck,2
yogeshprasad,6
fujioka yuuichi,1
Dave Chen,2
Bridget McGinnis,1
Jay Wang,2
Ryan Rossiter,2
Shilpa Jagannath,1
Nicolas Trangez,1
Edmund Rhudy,1
Yuzlikeev Eduard,2
Matthew Treinish,9
mannuray,1
Shao Kai Li,1
Juan Manuel Olle,5
Florent Flament,1
TaoBai,10
Russell Bryant,21
Justin A Wilson,2
Anton Arefiev,16
Hui Cheng,1
Steven Kaufer,9
LisaLi,14
Yikun Jiang,1
masahiro ikeda,1
Valeriy Ponomaryov,1
Mitsuhiro SHIGEMATSU,2
Doug Hellmann,15
Clinton Knight,28
Ronald Bradford,3
zhangni,2
nuritv,1
Alfredo Moralejo,2
ruichen,1
Darren Birkett,2
Shay Halsband,24
Koert van der Veer,2
Edward Hope-Morley,34
Alexei Kornienko,1
nidhimittalhada,1
Mehdi Abaakouk,7
saurabh,2
lvdongbing,1
Peter Pentchev,1
iberezovskiy,1
leseb,2
Jean-Baptiste Ransy,2
Matt Riedemann,24
Matt Fischer,1
Pablo Iranzo Gómez,1
Nathaniel Potter,2
Joe D'Andrea,1
Alex Holden,1
Andy Grover,1
chenhb,2
Patrick East,71
liyingjun,15
lijunli1,1
Harsh Mishra,1
Ravi Shekhar Jethani,2
git-harry,30
Derrick J. Wippler,2
Mark T. Voelker,3
Samantha Blanco,3
Michał Dulko,87
Gaurang Tapase,3
Luong Anh Tuan,6
Furuta Tomonori,1
Dmitry Borodaenko,1
skudriashev,2
Raunak Kumar,9
root,3
Tim Clark,1
Manjeet Singh Bhatia,1
Rob Crittenden,1
Zhang Jinnan,1
Anthony Young,2
shihanzhang,1
Sandeep Pawar,1
Ben Nemec,1
Sivaramakrishna Garimella,1
lrqrun,1
Brian Waldon,6
Fergal Mc Carthy,3
Ryan McNair,25
dineshbhor,13
Bharat Kumar Kobagana (BharatK),1
Hyeock Kwon,1
taylorh,2
Mike Rooney,5
zhongjun,1
diem_tran,1
Pavel Kirpichyov,1
sanuptpm,1
Michael Berlin,1
Kui Shi,4
Jose Porrua,2
yuriy_n,1
Zhiteng Huang,85
James E. Blair,1
Shlomi Avihou,1
daisy-ycguo,1
Yaguang Tang,3
Clay Gerrard,8
prashkre,1
alexey-mr,1
XinXiaohui,4
Stack,1
Erlon Cruz,2
Timothy Okwii,2
Arata Notsu,1
Amit Saha,1
Sergio Cazzolato,2
hussainchachuliya,2
melissaml,4
alonma,1
Carlos Goncalves,1
Chris Buccella,4
Cao Shufeng,4
Fabien Boucher,1
Qin Zhao,1
yanjun.fu,1
Yosef Berman,1
Dima Shulyak,1
Joshua Huber,2
Vivek Agrawal,1
Hiroyuki Eguchi,1
"Yi Chun, Huang",1
Jacob M. Jacob,2
Rich Hagarty,4
Wenhao Xu,2
Pavel Glushchak,1
Sofia Enriquez,1
kushal,1
Eric Windisch,1
Gauvain Pocentek,1
Clenimar Filemon,1
Kun Huang,8
Anish Bhatt,6
Rafael Rivero,2
Colleen Murphy,1
Giulio Fidente,3
Eduardo Costa,1
Robert Collins,1
TzurEliyahu,2
Christian Berendt,7
Venkata Krishna,1
Skyler Berg,2
Gyorgy Szombathelyi,2
Vipin Balachandran,161
Richard Hedlind,6
Haomai Wang,14
huyang,5
Christopher J Schaefer,1
Erlon R. Cruz,27
Keisuke Kuroki,2
Sean Dague,14
huangtianhua,13
Rebecca Finn,1
James Page,1
Roman Bogorodskiy,2
Yuriy Zveryanskyy,3
Kushal Wathore,3
lijing,1
Xiangfei Zhu,1
RongzeZhu,6
Andreas Jaeger,21
malei,2
scottda,12
abhiram moturi,2
Takashi NATSUME,2
Jean-Baptiste RANSY,6
Dietmar Noll,1
Ajaya Agrawal,1
Lakhinder Walia,3
YasunoriMaruyama,1
Alexander Gorodnev,1
xiexs,21
wangzhenyu,2
Ryan Liang,5
Deepti Ramakrishna,3
Mitsuhiro Tanino,41
peter_wang,21
wingwj,1
felix23ma,1
Pádraig Brady,6
chenaidong1,1
sathish-nagappan,1
Juan Zuluaga,7
Andrew Kerr,10
Eric Young,3
Eric M Gonzalez,1
pran1990,1
vinita,3
Thang Pham,29
Kallebe Monteiro,2
Adam Gandelman,3
gfm,1
Navneet Singh,42
John Garbutt,1
ZhiQiang Fan,1
Yuriy Taraday,3
Michael Rowden,1
Adelina Tuvenie,3
Wilson Liu,35
Alessandro Pilotti,6
Ihar Hrachyshka,2
Igor Pugovkin,1
ashish.billore,1
Lee Yarwood,1
Andrei V. Ostapenko,1
Nishant Kumar,1
Tobias Urdin,1
Brianna Poulos,8
Cyril Roelandt,1
srushti,1
Anton Frolov,2
wanghong,1
James Carey,6
Jorge Niedbalski,1
Gerald McBrearty,7
Victor Stinner,90
Kaitlin Farr,5
mikhail,2
Julia Varlamova,9
sparkliu,1
Jean-Marc Saffroy,2
zhu.rong,1
Victor A. Ying,2
Victor Rodionov,24
Takeshi Nishikawa,1
Clinton,1
Xinyuan Huang,1
Alex Meade,24
ChangBo Guo(gcb),29
Haruka Tanizawa,1
Jeegn Chen,14
Andres Buraschi,1
Vivek Dhayaal,2
yuyafei,14
Xiao Chen,2
Robert Mizielski,1
Xi Yang,10
Sergey Skripnick,7
Mandell Degerness,2
Jinru Yan,1
ustcdylan,1
caoyue,1
Elad Zucker,3
Mikhail Khodos,6
Ian Govett,1
Alex O'Rourke,22
Tristan Cacqueray,2
Abhinav Srivastava,1
haobing1,3
zhufl,6
poojajadhav,7
Mate Lakat,13
Sylvain Baubeau,1
PranaliD,1
Raildo Mascena,1
PranaliDeore,12
Christopher MacGown,1
Paul Mathews,1
Vladislav Kuzmin,5
Derek Chiang,2
ubaumann,1
Cindy Pallares,1
Mark McLoughlin,31
yatin karel,1
Eiichi Aikawa,4
Michael Basnight,3
Adrien Vergé,5
Trung Trinh,1
Vahid Hashemian,1
GaoZqiang,3
kedar-vidvans,3
Alon Marx,16
Cian O'Driscoll,2
Lena Novokshonova,1
Vishvananda Ishaya,17
Joe Cropper,1
Jia Min,5
zhangchunlong1@huawei.com,2
XieYingYun,2
Rick Chen,6
Michael Krotscheck,4
Johnson koil raj,1
Hai-Xu Cheng,1
Eli Qiao,2
Sven Anderson,1
liuqing,2
Daniel Gollub,3
Yoshihide Matsumoto,1
Vasyl Khomenko,1
Tomoki Sekiyama,26
VenkataKrishna Reddy,3
Erik Zaadi,2
Chuck Short,13
OpenStack Release Bot,1
zhangchao010,22
Stuart McLaren,3
Thomas Bechtold,6
gengchc2,4
Lynxzh,3
jking-6,1
Kazumasa Nomura,7
Ryan Lucio,6
mouad benchchaoui,1
Dina Belova,2
Jun Ishizaki,1
Jesse Keating,1
Diego Zamboni,1
Shyama Venugopal,2
Aswad Rangnekar,2
abhiram_moturi,1
ZhuRongze,3
Abhijeet Malawade,8
Nikola Dipanov,3
Zhongyue Luo,36
Chris M,4
Scott DAngelo,2
Takashi Menjo,1
jiamin,3
Jay Lau,3
Ghe Rivero,1
Rongze Zhu,19
tsekiyam,1
Pascal Wehrle,1
MORITA Kazutaka,2
Rushil Chugh,7
Matt Smith,5
Mathieu Gagné,22
venkatamahesh,3
lirenke,1
Rajesh Tailor,6
Jay S. Bryant,92
bailinzhang,1
ramakris,1
John McDonough,1
Jack Lu,1
Qiu Yu,2
LarryLiu,1
Corey Bryant,3
Ivan Kolodyazhny,82
Liucheng Jiang,2
Jon Bernard,26
Morgan Fainberg,3
john-griffith,42
Ilya Tyaptin,1
Ildiko Vancsa,1
Daniel Tadrzak,3
Bob Callaway,6
Adriano Rosso,17
Abhishek Sharma,1
liujiong,1
Zhengguang--reset-author,1
Dan Prince,37
Zoltan Arnold Nagy,1
Pablo Caruana,1
Attila Fazekas,1
Francis Moorehead,1
Huangsm,1
Alan,1
Yun Mao,2
Joshua Harlow,27
liudong,1
Tom Swanson,78
Sean Roberts,1
Sreedhar Varma,1
Chris Morrell,6
Elena Ezhova,3
Larry Matter,1
Monty Taylor,13
Daisuke Fujita,3
Mike Perez,100
Lin Hua Cheng,1
Craig Vyvial,1
Ollie Leahy,19
Jim Branen,16
Thelo Gaultier,1
Yuiko Takada,1
Lin Yang,1
Eric Brown,7
Matthew Edmonds,2
Kevin Fox,1
sdodsley,1
YanLin Ren,2
Dinesh Bhor,4
zhengyao1,1
Mike Mason,8
Pony Chou,1
Johnny Chou,1
Carl Pecinovsky,5
chaochin,1
Bartek Zurawski,1
Jenny Shieh,1
Jose Castro Leon,1
Thierry Carrez,18
Karthik Prabhu Vinod,3
Pranali Deore,2
Michael Still,6
Anastasia Karpinska,4
Surya Ghatty,1
Rodrigo Barbieri,1
xqli-openstack,2
liu-sheng,2
Shuangtai Tian,1
Simon Lorenz,2
Yukihiro KAWADA,1
Bin Zhou,2
jbrogan,1
Sergey Gotliv,3
Joseph Vokt,1
Kurt Martin,46
JuPing,1
Falk Reimann,2
galstrom21,2
Nikesh Mahalka,9
liyuanyuan,1
Rafael Toschi Chiafarelli,1
Davanum Srinivas,13
xianming mao,16
Drew Balfour,1
Lucian Petrut,41
Yug Suo,1
Vijay Ladani,2
zhangsong,9
anastasia-karpinska,1
Bob Ball,2
Marc Koderer,15
Deepak C Shetty,2
Rohan Arora,3
zhangyanzi,7
Yuji Hagiwara,1
Sascha Peilicke,3
tswanson,1
Daniel Wilson,11
Bharat Kumar Kobagana,15
Veronica Musso,1
Goutham Pacha Ravi,11
Corey Wright,1
Sai Kiran,1
ghanshyam,1
zhangyanxian,1
Slade Baumann,1
Pedro Navarro Perez,3
Dongcan Ye,2
KIYOHIRO ADACHI,21
Wu Wenxiang,3
Dunrong Huang,1
luqitao,2
nikeshm,8
Michael Price,15
Szymon Wróblewski,1
Pierre-André MOREY,1
Peter Wang,15
David Pineau,2
Jacob Gregor,7
Brant Knudson,3
John Griffith,328
Midun Kumar,1
DTadrzak,1
lg.yue,1
april,1
yogesh,1
Craige McWhirter,1
Liu Qing,1
lijunbo,3
ankitagrawal,9
amoturi,1
David Medberry,1
Chet Burgess,1
Marian Horban,1
Jay Payne,1
Chris Yeoh,1
Rakesh Mishra,1
zengyingzhe,3
Tin Lam,1
zhangyi,1
yoan desbordes,1
liusheng,1
Dinesh Subhraveti,2
Nikolay Sobolevskiy,7
Johnson Koil Raj,1
lakshman,2
Satish Venkatasubramanian,1
Jordan Tardif,1
David Ripton,1
Ronen Kat,6
Eric Harney,318
Chmouel Boudjnah,4
David Sariel,3
lisali,33
Curt Bruns,2
Stephen Mulcahy,11
Zohar Mamedov,1
binean,1
Victor Sergeyev,1
Tomas Hancock,1
jenny-shieh,2
Forest Romain,1
aimee.ukasick,1
Aviram Bar-Haim,3
zhaohua,1
unicell,1
Rafi Khardalian,2
zhaoqin,2
Adalberto Medeiros,1
Sushil Kumar,1
Michael J Fork,4
Cory Wright,1
Tiago Pasqualini,1
Angela Smith,8
Lucas Alvares Gomes,1
Fengqian Gao,1
Joe Gordon,12
Boris Pavlovic,4
DennyZhang,2
Ji-Wei,5
Qian Gao,2
Tom Hancock,1
liangjingtao,6
neochin,1
lihaijing,1
ls1175,1
zhuzhubj,1
pangliye,2
wanghao,36
Bardia Keyoumarsi,6
manishd,1
"Earle F. Philhower, III",2
Jay Lee,1
Maxim Nestratov,1
Jay Conroy,1
ling-yun,24
Alan Jiang,3
David Rosales,1
Ramy Asselin,6
Joel Friedly,1
Daniel Allegood,1
Cedric Zhuang,4
annegentle,1
Tom Fifield,7
Deliang Fan,1
Atsushi SAKAI,3
Olivier Pilotte,1
Pengfei Zhang,1
nikeshmahalka,4
tanlin,1
Josh Durgin,10
Philipp Marek,17
Nikesh,1
Nguyen Hung Phuong,4
Ravi Jethani,1
Cao Xuan Hoang,3
Kenji Yasui,1
Alberto Planas,1
Zhi Yan Liu,3
Lujin,1
Dave McCowan,1
Yang Yu,1
walmart,1
Alexander Maretskiy,1
Flaper Fesp,2
Chandan Kumar,2
xiaoxi_chen,8
stack,5
Ed Balduf,3
apoorvad,4
enriquetaso,1
He Yongli,2
William Durairaj,1
Anna Sortland,5
Teruaki Ishizaki,3
Inhye Park,2
Rushi Agrawal,14
Bryan D. Payne,1
Bill Owen,18
Guan Qiang,1
Sachi King,1
Luis A. Garcia,16
zheng yin,3
Xiaoqin Li,14
Chaozhe.Chen,2
Martin Kletzander,1
Zhao Liqiang,1
Daniel Gonzalez,1
Edwin Wang,7
Romain Hardouin,1
cheneydc,1
Michael Dovgal,8
Jordan Pittier,6
Geraint North,4
Dmitry Kudyukin,1
Ankit Agrawal,4
Sergey Vilgelm,12
Béla Vancsics,4
Arnon Yaari,3
Alexander Bochkarev,3
Gerard Garcia,2
Ryosuke Mizuno,1
Lingxian Kong,1
ningwei,1
Mukul Patel,1
Glenn M. Gobeli,4
maoshuai,2
Simon Dodsley,3
Xingchao Yu,1
Santhoshkumar Kolathur,1
Stefan Amann,1
TommyLike,23
Kuo-tung Kao,2
Brent Roskos,1
Chuck Fouts,8
Dermot Tynan,3
Kushal,1
Gábor Antal,3
yehia-beyh,1
Yuriy Nesenenko,45
ShangXiao,1
Thomas Goirand,1
wuyuting,8
Yejia Xu,1
Nikolaj Starodubtsev,1
Harshada Mangesh Kakad,1
Ha Van Tu,4
abhishekkekane,4
ClaudiuNesa,1
Meir Kriheli,2
clayg,2
Jimmy McCrory,1
Anthony Lee,28
Satyajeet Shahane,1
Kendall Nelson,15
chadlung,1
erikzaadi,1
john.griffith8@gmail.com,1
Zhi Kun Liu,1
Sonia Ghanekar,5
Tina,12
MotoKen,1
Markus Zoeller,2
Cady_Chen,2
Tony Xu,1
Adam Young,1
Saverio Proto,1
Ian Denhardt,1
Jeremy Liu,1
Samuel Matzek,1
LiuNanke,1
llg8212,2
Juan Antonio Osorio Robles,1
Jay Mehta,6
Nam Nguyen Hoai,2
xing-yang,35
keystone,3
Michal Dulko,27
Manojkiran,2
Peter Penchev,2
Avishay Traeger,77
Vincent Hou,36
Romain Chantereau,1
Duan Jiong,1
Viraj Hardikar,3
Florian Haas,1
Rohan Kanade,1
Tao Bai,2
mattanShalev,1
Joseph Glanville,1
Nate Potter,15
Csaba Henk,1
Rakesh Jain,1
Scott Devoid,1
Xu Ao,2
Anh Tran,2
Angus Lees,4
Subramanian Neelakantan,9
Szymon Wroblewski,13
Alexey Yelistratov,1
Zhihai Song,1
Fei Long Wang,2
YangLei,1
Alyson Rosa,3
Dolph Mathews,1
YAMADA Hideki,4
Nashwan Azhari,1
Paul McMillan,1
Lakshmi Narayana,1
Ann Kamyshnikova,9
Andrey Pavlov,2
Rick Harris,1
Aleksey Ruban,7
kan kato,1
Alan Bishop,1
Guy Kim,2
liuyamin,1
int32bit,1
wanghongtaozz,1
Chang Bo Guo,6
YuanHui Xu,1
Jamie Lennox,5
Soffie Huang,4
Abhishek Shrivastava,2
Seif Lotfy,7
Sam Morrison,4
Chao Zheng CZ Li,1
Mudassir Latif,3
yfzhao,1
Erik Johannes,1
Ryan Selden,3
Rahul Verma,1
Sean Chen,4
Yusuke Hayashi,9
Dmitry Guryanov,7
Gary W. Smith,1
rackerjoe,1
WenjunWang1992,2
Jasakov Artem,2
Sean McCully,1
Adam Spiers,1
kongwei,1
Digvijay Ukirde,1
Kurt Taylor,1
Bala Gopal Raj,2
Masayuki Igawa,1
Einst Crazy,2
gh159m,1
vitas.yuzhou,1
Julien Danjou,17
Isaac Beckman,1
Michael Kerrin,18
Jay S Bryant,10
LiuSheng,1
appsdesh,1
Gloria Gu,3
sarat inuguri,2
Kamil Rykowski,1
Kedar Vidvans,5
Olga Kopylova,1
Alexander Gordeev,1
Nitin Madhok,2
Vasanthi Thirumalai,3
chenying,4
xiaolei hu,1
Alberto Murillo,1
Sheel Rana,14
Dongsheng Yang,1
Dao Cong Tien,19
Vilobh Meshram,4
Rakesh H S,1
arsenc,2
Tom Cammann,1
guangpei.liu,2
rick.chen,8
Haiwei Xu,3
pallavi,1
Eric Guo,1
Unmesh Gurjar,3
"hallur, parashuram",2
Jason Ni,2
liusu,1
Nirmal Ranganathan,6
jun xie,1
Nilesh Bhosale,5
Roman Podolyaka,9
bhagyashris,11
Joel Coffman,9
Shunei Shiono,2
Yucong Feng,5
Ralf Haferkamp,2
Masaki Kanno,3
Mark Sturdevant,14
Jeremy Stanley,6
hgangwx,1
jakedahn,2
Doug Schveninger,1
Lee,3
Dan Radez,1
Alejandro Emanuel Paredes,1
liucheng,1
XueChendi,2
Michal Jura,1
marcusvrn,2
Gaozexu,1
Svetlana Shturm,1
Tina Tang,1
