Mara Gordon,1
Chris Bamford,4
Samuel Audet,101
Pengfei Liu,3
Carsten Schnober,19
detrevid,4
saurabhsv,1
Shivansh Srivastava,1
Benjamin,13
kirill,4
ejunprung,32
Xu Zhongxing,2
Christian Voigt,1
Joern Kottmann,1
Ruben Fiszel,2
Adam Gibson,2622
Sean Owen,3
Anton Khodakivskiy,4
MJK,46
Paul Dubs,5
eraly,54
Tor Henning Ueland,1
Thomas,1
Martin Raison,1
jcastaldoFoodEssentials,1
jsteggink,1
rajeev3983,1
Daniel Hershcovich,1
Matic Potočnik,1
julien,8
EmergentOrder,3
Kirill Lebedev,1
vlovsky,4
jmorrisonjr,1
raver119,917
turambar,97
Pawel Koperek,2
Paweł Nowak,1
Mike Hugo,1
tomthetrainer,2
François Garillot,32
Susan,4
Ede Meijer,10
Vlad Sadilovski,1
fartovii,89
mossaab0,11
The Gitter Badger,1
Oleg Barmin,1
Dean Wampler,2
crockpotveggies,3
Jonas Jarutis,1
Lukas Masuch,1
Madhumita,3
Susan Eraly,13
David Pichler,1
taisukeoe,1
Justin Long,123
Michael Zhai,1
Oscar Serra,1
Johnny Lim,3
Johannes Hellrich,1
danimateos,1
Rajeev Kumar,2
Tom Bocklisch,1
grundigrande,1
Delip Rao,6
Taisuke Oe,2
Vladimir Nazarenko,3
Eric J. Christeson,2
Quentin Ambard,1
Prechtig,1
mconcave,1
Sonali Dayal,1
John Osborne,1
Fabien Campagne,1
Sadat,2
Joost van Doorn,4
Melanie Warrick,746
Alex Black,1746
ChrisN,71
Stefano Woerner,2
Lukasz Jastrzebski,14
Robert Altena,1
kepricon,1
Binghao Wang,1
Derek Miller,8
Jesse Cochran,2
Brad Heap,1
Sergii Marynenko,2
rohanar,1
lewuathe,12
Zixxy,1
Cristian Capdevila,1
freimacher3,1
EdeMeijer,1
jtan25,1
stephanduq,1
Ayman Elkfrawy,19
DH,12
Sylwester Klocek,1
Igor Korsunov,4
Takao Nakaguchi,5
Sergio Queiroz,1
John Sullivan,1
Ben McCann,1
sonaliii,30
dhewzulla,1
Linker Lin,12
srmq,2
Shubhanshu Mishra,1
Nikolay Gorylenko,2
plusbzz,1
Jeffrey Tang,91
Patrick Skjennum,3
Markus Heiden,1
ShinTKG,1
Eron Wright,132
Sebastian Nickel,1
Conor Livingston,1
Max Lapan,1
Konrad Kalita,1
Darren Foong,10
smarthi,1
Suneel Marthi,37
Mik Kocikowski,4
Winson Quock,2
Huluk,2
Dave kale,11
Josh Patterson,49
Yaroslav Nechaev,3
