Gabriel Wainer,2
Alex Chan,3
zhangguoqing,4
Edgar Magana,1
Marcin Karkocha,1
Ondřej Nový,1
luhuichun,1
David Lyle,141
Shane Wang,1
Dirk Mueller,11
daijing,1
Facundo Farias,2
simon,2
Ivan Udovichenko,1
Ray Chen,1
shizhihui,4
Georgy Dyuldin,2
Andy Hsiang,3
Flavio Percoco,3
Eoghan Glynn,3
Brooklyn Chen,5
kstev,1
Yangyang Zheng,1
Michal Dulko,3
Telles Nobrega,3
Anthony Young,188
Facundo Maldonado,3
Antoine Abélard,1
kenji-ishii,12
Ankur Rishi,1
Romanos Skiadas,1
Calvin,1
Bence Romsics,2
Rosario Di Somma,1
Tim Schnell,3
Alex Monk,2
Tomonobu Niwa,1
Elvin Tubillara,1
tinytmy,17
Zhao Lei,1
Victoria Martínez de la Cruz,7
Jason E. Rist,1
Paulo Matias,4
Pawel Palucki,1
Bo Wang,25
Vitaly Gridnev,4
Aaron Rosen,2
gugl,1
Emilien Macchi,1
Liz Blanchard,1
David Wahlstrom,1
yamini sardana,1
Jay Jahns,1
Bartosz Fic,5
Zhenguo Niu,79
Shilla Saebi,3
Clark Boylan,3
Rob Raymond,23
ravikumar-venkatesan,2
Matt Joyce,7
Liuqing Jing,1
Rajat Vig,69
Anastasia Karpinska,2
Masaki Matsushita,1
Vic Howard,2
Federico Ressi,1
shu-mutou,5
Vijay Katam,1
Joris Roovers,1
Greg Althaus,1
lzyeval,1
Om Prakash Pandey,1
Marc Fouché,1
Matt Farina,5
Errol Pais,3
Neil Johnston,5
jlopezgu,8
Andreas Scheuring,1
Edmund Rhudy,1
Ghe Rivero,1
Juan Manuel Olle,7
Esra Çelik,1
Eric Yang,1
aababilov,8
Russell Bryant,2
Robert C. Barth,1
Dmitry Tantsur,1
Joe Topjian,1
Nathan Reller,1
Joshua McKenty,1
marianitadn,1
Floren Llanos,4
ramyasunkara,1
Yatin Kumbhare,1
Cedric Soulas,1
Martin Pavlasek,9
Nathan Beittenmiller,1
lincai,2
Vincent Untz,3
Thiago Paiva,1
Ivan Chavero,1
Laura Frank,2
Wim De Clercq,1
Michael Yu,1
chenqiaomin,16
jing.liuqing,16
Kirill Zaitsev,5
Ladislav Smola,29
Martin Hickey,3
Pierre-Alexandre Bardina,1
Ken Chen,5
Sahid Orentino Ferdjaoui,2
Matt Riedemann,3
Kam Nasim,1
Pablo Iranzo Gómez,1
Marcus Furlong,1
Jay Pipes,2
Artem Osadchiy,1
Alejandro Emanuel Paredes,4
François Magimel,4
liyingjun,81
Jingjing Ren,4
Ravi Shekhar Jethani,1
Ana Krivokapic,36
Brad Pokorny,6
Samantha Blanco,1
hanchao,1
Alessio Ababilov,2
Luong Anh Tuan,2
Mike Hagedorn,4
Du Yujie,1
Lei Zhang,1
root,2
facundo Farias,4
jaypipes,1
Saravanan KR,1
kristinebrown10,1
KC Wang,5
Jim Yeh,5
jmatayoshi,1
Victoria Martinez de la Cruz,1
lrqrun,1
Brian Waldon,13
Stephane Angot,1
zhurong,11
James E. Blair,5
Kui Shi,1
Imre Farkas,4
Daniel Gauthier,1
JiaHao Li,1
Fabrizio Fresco,1
Kieran Spear,47
Yaguang Tang,1
XinXiaohui,3
Jeff Kramer,1
Toshiyuki Hayashi,3
dixiaoli,1
Arata Notsu,2
jingliuqing,10
Akihiro MOTOKI,67
Sergio Cazzolato,2
qiaomin,4
Eric Lafontaine,1
gecong1973,2
Sergei Chipiga,11
yan.haifeng,1
Ewan Mellor,6
Kirill Bespalov,1
Alex Gaynor,4
tianliang,1
Jan Provaznik,3
Elizabeth Elwell,1
Ionuț Arțăriși,6
Vivek Agrawal,1
Hiroyuki Eguchi,2
Ekaterina Chernova,1
Rich Hagarty,12
ZhengYue,1
zhang.xiuhua,2
Joanna Huang,1
Aaron Sahlin,25
Todd Willey,26
Ethan Gafford,2
Avishay Balderman,1
Gabriel Luong,1
Ravi Repaka,1
daisy-ycguo,3
Salvo Rapisarda,1
Kun Huang,5
Guillaume Espanel,1
Tzu-Mainn Chen,3
Dean Troyer,1
Johnu George,1
amcrn,4
Jeffrey Wilcox,26
jiangpch,1
Vahid Hashemian,4
Colleen Murphy,2
veena,1
Christian Berendt,29
Hengqing Hu,1
Leandro I. Costantino,16
Pavel Sviderski,1
Gyorgy Szombathelyi,2
Ankur Gupta,8
Ramaraja,1
Marianne Linhares,1
Vishwanath Jayaraman,4
dkorn,11
Mark Vanderwiel,1
Noorul Islam K M,2
Rebecca Finn,2
Rob Cresswell,156
Luigi Toscano,4
Andreas Jaeger,12
Bradley Jones,29
Takashi NATSUME,1
Thai Tran,117
lawrancejing,9
Davide Guerri,1
Canh Truong,3
Christoph Seifert,1
J. Daniel Schmidt,2
Liao Zhuodi,3
xiexs,1
nyechiel,1
IWAMOTO Toshihiro,2
Akihiro Motoki,151
Ilya Shakhat,1
LiuNanke,5
Miles Gould,2
Laura Athanasiou,1
Alexey Izbyshev,3
Pádraig Brady,1
Darren Shaw,1
daniel-a-nguyen,8
Duncan McGreggor,1
Solly Ross,1
YAMAMOTO Takashi,3
jackychen,1
James Nzomo,1
Ying Zuo,29
Adam Gandelman,1
Akanksha,2
Daniel P. Berrange,1
Carlo Truijllo,6
ZhiQiang Fan,1
Ian Cordasco,1
gavin.nie@cn.ibm.com,1
Sallie Walecka,1
David Caudill,1
Prasoon Telang,1
space,3
Eugene Nikanorov,1
Alessandro Pilotti,2
Chris Johnson,4
sanjana,1
Jake Zukowski,5
Brianna Poulos,6
Cyril Roelandt,1
OpenStack Jenkins,31
Malini Bhandaru,2
Zhang Chun,1
Yuliya Portnova,1
tintmy,7
Victor Stinner,48
Kaitlin Farr,1
AvnishPal,1
zhu.rong,8
Valerii Zhelezniakov,1
woodm1979,39
Felipe Reyes,2
kelfen,1
yangyapeng,1
Swan Eouzan-Wollendorf,1
Andres Buraschi,2
yuyafei,1
Gregory Hooks,1
Robert Mizielski,4
Shinya Kawabata,1
Valerie Roske,1
Keshava Bharadwaj,1
CristianFiorentino,1
Javeme,5
Elena S,3
matthewjsloane,1
Shu Yingya,1
Thiago Paiva Brito,1
Mateusz Kowalski,3
Mark McLoughlin,2
Jiang Yong,1
Yves-Gwenael Bourhis,32
Simon Chung,1
Yash Bathia,4
hyphon-zh,2
Zhang Hua,1
Jesse Pretorius,3
ChenZheng,3
yuki kasuya,3
PranaliDeore,1
Nikita Konovalov,11
zhang-hare,1
Brian Fischer,1
Chad Lung,1
Gabriel Hurley,358
Saro Chandra Bhooshan,1
Adrien Vergé,2
termie,43
Kahou Lei,7
Julie Gravel,8
Rishabh Jain,1
Nathan Zeplowitz,4
Michael Krotscheck,23
Justin,1
ZHU ZHU,1
Sam Betts,58
Steve Baker,10
liuqing,6
ericpeterson-l,7
Sayali Lunkad,1
Cristiana Voicu,1
shlo,3
Paul Karikh,16
Roman Rader,1
Tatiana Mazur,41
Visnusaran Murugan,1
Kevin Fox,8
mavinagi,4
liaozd,11
Thomas Bechtold,2
Diana Whitten,137
Toshi Hayashi,3
cbeasley,4
Georgi Demirchev,2
Noboru Arai,3
Kevin Kirkpatrick,1
Shaoquan Chen,75
Kev Bittner,2
Abhijeet Malawade,2
Lucas H. Xu,3
Zhongyue Luo,2
anu,2
qiaojian,1
Cristian A Sanchez,4
Jesse Andrews,10
rahulram,1
keshy,1
Xiao Hanyu,1
Yi Ming Zhao,1
Jeremy Stanley,4
Yury Tregubov,4
Kirill Izotov,2
venkatamahesh,1
Zhang John,1
sagardmni,1
Rodrigo Duarte Sousa,2
Jianing YANG,1
Anya Marshall,1
Shan Guo,3
Kyle Olivo,3
LIU-Yulong,4
whg,2
LIU Yulong,6
Francois Eleouet,1
Denise Hale,1
Matt Wagner,2
Justin Shepherd,2
Mike Carden,1
Florian Fuchs,1
Ivan Kolodyazhny,3
Tatyana Kuterina,4
Assaf Muller,2
jolie,2
Ilya Tyaptin,1
Luis de Bethencourt,1
Alexis Rivera,2
Jake Dahn,265
Neill Cox,2
Brian Bowen,1
chenhaiq,6
Annapoornima Koppad,4
Pamela Ocampo,1
Behdad Fariba,1
Attila Fazekas,1
Chris St. Pierre,3
Federico Gimenez Nieto,4
lyanchih,1
Yuanhui Liu,3
Frode Nordahl,13
Jeremy Moffitt,3
Masahito Muroi,1
David Cusatis,1
Monty Taylor,14
Mike Perez,4
Lin Hua Cheng,54
tamilhce,1
Yanping Xie,1
utsav dusad,1
Dan Siwiec,2
Ganesh Narayanan,2
zhaozhilong,1
Lin Yang,1
Eric Brown,5
Reedip Banerjee,3
OpenStack Release Bot,1
milan potdar,2
zhang-jinnan,2
JasonPan,2
Mikhail Lelyakin,1
zarrouk,1
Omri Gazitt,2
Suraj Deshmukh,1
Tyr Johanson,33
Val W,1
Balaji Narayanan,2
Michael Still,1
Jose Castro Leon,2
Thierry Carrez,11
Cindy Lu,142
gengchc2,1
Nachi Ueno,4
David Lapsley,4
Ana Malagon,2
Kent Wang,1
Bin Zhou,2
kbespalov,1
Martin Kletzander,1
lin-hua-cheng,75
Jordan OMara,7
Andrew Bramley,19
Marcos Lobo,1
sayalilunkad,3
Kelsey Tripp,16
Trung Trinh,2
Davanum Srinivas,1
Vishvananda Ishaya,3
zhangyanxian,2
Tomas Sedovic,2
Tatiana Ovchinnikova,55
Ala Rezmerita,3
Hidekazu Nakamura,1
Jasper Capel,1
Andy Chong,44
Sascha Peilicke,13
Julien Danjou,13
Veronica Musso,6
Dan Wendlandt,1
dominik dobruchowski,2
EmilienM,1
Kanagaraj Manickam,4
Santiago Baldassin,9
Julie Pichon,81
Karthik Suresh,4
Josh Durgin,1
Sharat Sharma,1
Mark McClain,2
Bryan Jen,2
Swaminathan Vasudevan,1
Ivan A. Melnikov,1
Kannan Manickam,2
Wu Wenxiang,21
Charles V Bock,2
Wang Wei,1
Brant Knudson,3
Rabi Mishra,1
armando-migliaccio,1
Joseph Heck,5
Brian Tully,19
xurong00037997,2
Eric Peterson,8
ankitagrawal,1
David Medberry,3
Jaewook Kim,1
Cole Robinson,3
heather,1
Victor Morales,1
Lukas Bezdicka,1
Ke Wu,9
Tony Breeds,1
Artem Osadchyi,1
Gábor Antal,3
Nguyen Phuong An,1
John Davidge,3
Arvind Somya,17
Ami Jeain,1
CHARDON Gerome,2
Huachao Mao,2
Nikhil Manchanda,1
Peter Belanyi,3
Masco Kaliyamoorthy,75
Gudrun Wolfgram,1
sleepsonthefloor,4
Yidan Zhang,3
Geetika Batra,1
Arvinder Singh,1
Tianpeng Wang,1
Diego Garcia del Rio,1
Anne Gentle,2
Rafi Khardalian,2
Fredrik Starkenberg,1
Daniel Korn,8
Sushil Kumar,3
Sergey Lukjanov,3
TatyanaGladysheva,5
hanwei,2
Eddie Ramirez,18
Babitha Donepudi,2
Marcellin Fom Tchassem,1
Timur Sufiev,129
Pedro Kostelec,1
Beth Elwell,2
Pawel Skowron,3
lingyongxu,1
Rich Bowen,1
Qiaowei Ren,1
Romain Chantereau,1
Shamail Tahir,1
majik,6
Tomáš Nováčik,6
Chaitanya Challa,2
Ilya Alekseyev,1
James Slagle,2
Maxim Nestratov,1
Paul McMillan,27
Diana Clarke,1
Rikimaru Honjo,1
Brian DeHamer,6
Tom Fifield,5
eric,35
wei.ying,9
Harshada Mangesh Kakad,1
Ken Pepple,1
Mark Gius,115
Kanchan Gupta,1
tanlin,1
Doug Fish,59
Clayton O'Neill,1
Nguyen Hung Phuong,2
Cao Xuan Hoang,4
Zhigang Wang,1
Pratap Vedula,1
Richard Jones,107
Sean Mooney,1
Ihar Hrachyshka,1
Tony Dunbar,3
KATO Tomoyuki,1
Guilherme Lazzari,1
Gerard Braad,1
Chuck Short,3
He Yongli,2
xiaozhuangqing,1
chen.qiaomin@99cloud.net,10
Alexander Koryagin,2
Georges Dubus,1
Sean Dague,3
Jumpei Uoshima,1
Neela Shah,1
Ryan Hsu,1
Revon Mathews,5
Yakira Dixon,1
mariamj@us.ibm.com,9
braveliuchina,1
Romain Hardouin,6
Andrews Medina,4
Adriano Fialho,1
Travis Tripp,55
Ankit Agrawal,1
Jiri Tomasek,13
Doug Doan,1
Béla Vancsics,3
Matthew Wood,1
Lingxian Kong,1
Alok Kumar,1
Ryan Peters,9
Doug Hellmann,7
Laurent Baeriswyl,2
meena,1
wangbo,6
nanhai liao,1
Tapan Sharma,1
Thomas Stenberg,1
Kuo-tung Kao,5
Tihomir Trifonov,57
Ragalahari,1
Matthias Runge,70
Michael Szilagyi,7
Thomas Goirand,11
Stephen Gordon,1
Adrien Cunin,1
sharat.sharma,1
Mingyan Bao,2
Gleb Stepanov,1
Ernest Millan,3
Paulo Ewerton,5
Erwan Gallen,1
Aditya Vaja,1
Li Ma,1
Vlad Okhrimenko,20
amitpp,1
Kylin CG,1
Gary Kotton,1
Itxaka,43
Ziad Sawalha,1
Albert Tu,1
SudheerKall,1
Lucas Palm,12
Yakup Adakli,7
Cady_Chen,1
Ryan Petrello,3
Mike Scherbakov,2
Mike Moore,1
Paulo Ewerton Gomes Fragoso,5
Maxime Guyot,1
Yosef Hoffman,6
Matt Thompson,1
Stéphane Nguyen,1
Kelly Domico,34
Kevin Benton,3
German Rivera(gr720e),1
Steve Leon,2
yuhui_inspur,3
Tomas Novacik,15
Ian Y. Choi,1
adrian-turjak,1
Bhavanishankar Ravindra,1
Lu lei,1
nikunj2512,30
Radomir Dopieralski,71
Anh Tran,1
johndavidge,4
Rob,4
Devin Carlen,201
Szymon Wroblewski,10
Shu Muto,4
Anton V. Yanchenko,2
chen qiaomin,1
Ke WU,1
Dolph Mathews,1
Shubham Chitranshi,1
Ryan Evans,1
Bernhard M. Wiedemann,1
Andrey Pavlov,2
zzxwill,2
ZhongYue Luo,1
Cody A.W. Somerville,2
Dimitri Mazmanov,3
Ekaterina Shutova,1
MinSun,1
Fengqian Gao,3
Jamie Lennox,3
Ekaterina Fedorova,1
Ashish Chandra,4
Aleš Křivák,1
Gordon Chung,1
Paolo Gatti,1
Tres Henry,54
Claire Delcourt,1
Atsushi SAKAI,1
Anita Kuno,1
Cristian Tomoiaga,1
Nick Liu,1
Sam Morrison,3
Gabriel Pettier,1
Gabriel Briones,1
Qijing Li,1
Peng Wu,1
Daniel Park,2
Chad Roberts,55
Saksham Varma,3
Joe Heck,20
Gary W. Smith,16
Yalei Wang,1
Andrew Lazarev,19
Jaime Guerrero,1
Cedric Brandily,5
andrewbogott,2
Marcos Fermin Lobo,2
Łukasz Jernaś,3
imran,4
Gloria Gu,13
Sam Stoelinga,2
Robert Myers,2
Kamil Rykowski,3
George Peristerakis,19
Alan Fung,4
Ambroise Christea,3
Justin Pomeroy,48
Yuriy Taraday,15
Jason Derrett,1
Joe Gordon,4
Randy Bertram,9
Sergey Reshetnyak,1
Matt Fischer,3
Matt Borland,98
Steve McLellan,3
Dao Cong Tien,1
Abishek Subramanian,9
Peter Piela,1
Brian Moss,1
MikhialLaptev,1
Heiko Krämer,1
John Postlethwait,33
guoshan,2
AlexandraAllakhverdieva,6
swati,4
howardlee,1
Russell Sim,1
yuanke wei,1
Liang Bo,1
zengrui,2
absubram,1
Roman Podolyaka,1
Emma Steimann,15
Nicolas Simonds,26
Jesse Keating,1
masco,4
Luis Daniel Castellanos,24
avpra,2
Kenji Ishii,53
Dan Reif,1
hgangwx,2
jakedahn,52
Wlodzimierz Borkowski,2
Joanna H. Huang,1
Guillermo Cabrera,1
Tomasz 'Zen' Napierala,2
Maxime Vidori,27
Serhii Vasheka,5
jeffjapan,18
Duk Loi,1
Miguel Grinberg,6
utsavdusad,1
Paul Belanger,3
Janet Yu,8
Shuichiro MAKIGAKI,1
