Gabriel Wainer,1
Martins Jakubovics,1
Alexey I. Froloff,5
Eran Gampel,1
Edgar Magana,40
houming-wang,1
John Schwarz,57
Maruti,2
Bertrand Lallau,9
Ondřej Nový,1
Senhua Huang,1
fpxie,2
Mathieu Rohon,4
Dirk Mueller,18
Somik Behera,31
vinkesh banka,5
Dan Prince,25
Mike Kolesnik,9
Miguel Lavalle,23
Stephen Eilert,3
Sergey Belous,13
aaronzhang231,2
Duarte Nunes,1
Édouard Thuleau,10
shashi.kant,1
Flavio Percoco,2
Dan Wendlandt,127
marios,5
Kris Lindgren,1
Kyle Mestery,65
Zhesen,1
Itsuro Oda,15
Anthony Veiga,1
Michael J Fork,2
Xu Chen,1
Zhenmei,1
Bence Romsics,1
sonu,1
Mark T. Voelker,1
Rosario Di Somma,1
Ken'ichi Ohmichi,4
chnm-kulkarni,1
Luke Gorrie,2
lizhixin3016,1
JUN JIE NAN,1
Sridar Kandaswamy,6
Zhao Lei,1
Hynek Mlnarik,15
Steven Gonzales,1
Juergen Brendel,3
Martin Roy,3
LipingMao,2
Doug Wiegley,34
Bo Wang,2
Trevor McCasland,6
Dave Lapsley,2
Billy Olsen,1
Haim Daniel,3
Sourabh Patwardhan,4
durga.malleswari,1
Mike Bayer,8
Nikola Dipanov,2
Aaron Rosen,182
Emilien Macchi,2
rtmdk,2
Alex Stafeyev,1
James Anziano,8
yuhui_inspur,4
Keshava Bharadwaj,1
He Jie Xu,34
mark mcclain,1
Shane Wang,1
lei zhang,2
nfedotov,1
yaowei,1
Matthew Thode,4
Sridhar Venkat,1
Tomasz Paszkowski,1
Federico Ressi,1
pawnesh.kumar,2
Shiv Haris,13
Evgeny Fedoruk,8
Pradeep Kilambi,4
Mark Doffman,1
Mukul,1
Itzik Brown,8
Peter Feiner,4
changzhi,6
Iryoung Jeong,5
Nguyen Phuong An,2
joe@midokura.com,1
Preeti Mirji,1
Arvind Somy,3
Mark McClain,87
Ryan Rossiter,2
Francois Deppierraz,1
Andreas Scheuring,21
Matthew Treinish,7
Ghe Rivero,6
Christoph Arnold,1
Elena Ezhova,32
Russell Bryant,88
hyunsun,1
Yoshihiro Kaneko,18
Nikolay Fedotov,1
Franck Yelles,1
Bob Melander,7
Hong Hui Xiao,63
Li Zhixin,1
John Dunning,1
Isaku Yamahata,46
Petronio Carlos Bezerra,1
Piotr Siwczak,2
Mitsuhiro SHIGEMATSU,2
Doug Hellmann,8
Yatin Kumbhare,2
Lianghwa Jou,1
Ronald Bradford,1
Ly Loi,1
Vasyl Saienko,1
Shweta Patil,1
Vincent Untz,4
abhishek.talwar,2
mohankumar_n,1
Wim De Clercq,1
Serge Maskalik,1
Alexander Ignatov,2
Stefan Nica,1
Koert van der Veer,1
Rodolfo Alonso Hernandez,11
HenryGessau,7
Tomoe Sugihara,5
Alexei Kornienko,1
Chirag Shahani,2
Mehdi Abaakouk,1
Martin Hickey,15
Tyler Smith,43
Sahid Orentino Ferdjaoui,1
Justin Lund,1
Deepak N,8
Marga Millet,3
Matt Riedemann,13
Sylvain Afchain,30
berlin,15
liyingjun,2
Fang Zhen,3
Dane LeBlanc,31
Ravi Shekhar Jethani,1
Shivakumar M,2
ronak,11
Shuangtai Tian,1
Angus Lees,48
Luong Anh Tuan,2
sysnet,1
sukhdev,5
Zhenguo Niu,5
garyduan,1
"chen, hao",1
Sumit Naiksatam,188
Ilya Chukhnakov,7
root,3
Liping Mao,7
sadasu,1
vikram.choudhary,14
Wanlong Gao,1
Manjeet Singh Bhatia,28
Brian Waldon,1
Ramanjaneya,1
shihanzhang,36
Ben Nemec,2
Jiajun Liu,12
Meenakshi Kaushik,1
Dariusz Smigiel,21
Rajaram Mallya,9
dineshbhor,1
Mohit Malik,9
SongmingYan,1
Robert Li,5
James E. Blair,7
Chengli XU,3
sanuptpm,1
Kui Shi,1
Mike Dorman,1
Avishay Balderman,11
Bhagyashri Shewale,1
Akash Gangil,1
Kobi Samoray,8
Daniel Gollub,1
Matthew Booth,1
stanzgy,1
lizheming,1
Gong Zhang,1
Toni Ylenius,2
Yusuke Ide,1
Stephen Ma,14
Arata Notsu,4
jingliuqing,1
Amit Saha,1
Akihiro MOTOKI,71
Sergio Cazzolato,1
Zhongyue Luo,93
melissaml,1
Sergey Skripnick,9
yan.haifeng,1
Carlos Goncalves,1
Qin Zhao,1
Ritesh Anand,4
Ionuț Arțăriși,1
QunyingRan,3
Darek Smigiel,1
Dhanashree Gosavi,5
Tu Hong Jun,1
Roman Podoliaka,6
Ryan Moe,1
Cédric Ollivier,3
Brent Eagles,5
chen-li,4
Samer Deeb,3
Ailing Zhang,2
Eric Windisch,1
Kun Huang,1
Baodong (Robert) Li,3
Sphoorti Joglekar,1
Jas,1
Swapnil Kulkarni (coolsvap),1
Jonathan LaCour,1
Mohammad Banikazemi,11
HenryVIII,1
Sanjeev Rampal,1
David Shaughnessy,5
Sudipta Biswas,3
Hemanth Ravi,3
tianquan,1
Robert Collins,6
yuyangbj,1
Christian Berendt,8
Sergey Nechaev,1
Gyorgy Szombathelyi,2
Ankur Gupta,7
Rick Clark,1
Martin Matyáš,1
Anna Khmelnitsky,1
Luiz H Ozaki,1
Sean Dague,5
Matthew Weeks,1
Yaguang Tang,4
Robert Kukura,9
James Page,5
Luis A. Garcia,10
Dave Tucker,1
RongzeZhu,2
Andreas Jaeger,15
Bradley Jones,5
Takashi NATSUME,7
lawrancejing,3
daz,1
Li-zhigang,1
Stanislav Kudriashev,1
xiexs,2
Lars Kellogg-Stedman,1
IWAMOTO Toshihiro,29
Ryota MIBU,14
Akihiro Motoki,73
LiuNanke,1
Artur Korzeniewski,28
venkatamahesh,4
Benedikt Trefzer,2
Livnat Peer,3
Denis Buliga,1
Amir Sadoughi,2
Ian Wienand,5
Huan Xie,5
ncode,1
WeiHu,1
Arun Sriraman,1
dekehn,5
YAMAMOTO Takashi,185
Michael Smith,17
Adam Gandelman,1
Felipe Monteiro,1
Soheil Hassas Yeganeh,1
ZhiQiang Fan,20
Sam Hague,1
Waldemar Znoinski,2
Rohit Agarwalla,4
Andrey Kurilin,2
Nakul Dahiwade,3
Prasoon Telang,2
Adelina Tuvenie,11
Andy Hill,1
Eugene Nikanorov,135
Alessandro Pilotti,8
Nick Bartos,1
Divya ChanneGowda,4
da52700,1
watanabe isao,3
Vladimir Eremin,3
Yi Zhao,4
Anand Shanmugam,3
Richard Theis,5
Cyril Roelandt,47
OpenStack Jenkins,457
Andrey Epifanov,1
Hironori Shiina,1
Anton Frolov,1
liu-sheng,1
Takaaki Suzuki,1
Paul Ward,3
Stephen Gran,4
Victor Stinner,3
siyingchun,13
Lujin,1
Julia Varlamova,1
He Qing,1
Salvatore,9
Jian Wen,5
David Edery,2
Ming Shuang Xian,1
Sudhakar Babu Gariganti,5
Jay Pipes,2
Lubosz Kosnik,2
Rossella Sblendido,8
ChangBo Guo(gcb),6
Yaohua Yan,1
Hirofumi Ichihara,35
Robert Mizielski,1
sridhargaddam,36
Tomoaki Sato,1
sonu.kumar,1
zhhuabj,9
caoyue,2
Salvatore Orlando,423
Han Zhou,4
Mandeep Dhami,1
cedric.brandily,1
Roman Bogorodskiy,3
zhufl,3
Vadivel Poonathan,1
Yves-Gwenael Bourhis,3
Mate Lakat,3
Aaron-Zhang231,1
Yuriy Taraday,2
Jeremy McDermond,1
Raildo Mascena,1
Adrien Vergé,3
Brandon Logan,33
Aradhana Singh,17
Nguyen Tuong Thanh,1
snaiksat,1
Mark McLoughlin,14
Daniel Alvarez,9
Manish Godara,6
Chang Bo Guo,4
Bo Chi,3
John Dewey,1
Pierre Rognant,1
eperdomo,1
mouad benchchaoui,1
Tim Swanson,2
XieYingYun,2
Michael Krotscheck,4
Rudrajit Tapadar,1
ZHU ZHU,1
gong yong sheng,17
Sam Betts,10
Sven Anderson,1
liuqing,1
Lucian Petrut,2
Tan Lin,1
ting.wang,1
Youcef Laribi,1
Sandhya Dasu,3
Pepijn Oomen,1
Paul Michali,37
Chuck Short,2
OpenStack Release Bot,1
Fawad Khaliq,14
Thierry Carrez,14
gengchc2,6
Dina Belova,2
rohitagarwalla,34
Irena Berezovsky,24
Attila Czira,1
Liuyuanfeng,1
Siming Yin,1
ZhongShengping,1
Darek Smigiel (dasm),1
Yuanchao Sun,2
Lizhixin,2
YangLei,2
adolfo duarte,1
Shweta P,25
Jesse Andrews,1
gessau,1
Madhav Puri,1
Jeremy Stanley,8
Leon Cui,1
Wei Wang,6
Jianghua Wang,1
kedar kulkarni,1
Mike King,1
Shih-Hao Li,6
Gandharva,1
Baohua Yang,1
Maho Koshiya,4
Stephen Gordon,1
Andre Pech,1
Jay S. Bryant,1
Andrey Shestakov,1
Ryu Ishimoto,1
LIU Yulong,11
Stephen Finucane,1
llg8212,2
Francois Eleouet,7
vikas,1
Madhu Mohan Nelemane,1
Jakub Libosvar,186
Joe Talerico,1
Hareesh Puthalath,3
Bernhard M. Wiedemann,1
Wei Hu,1
Zainub Wahid,1
Reedip,2
RobinWang,2
vijaychundury,2
Assaf Muller,180
Dustin Lundquist,16
Morgan Fainberg,2
gordon chung,2
malos,1
Saisrikiran Mudigonda,3
Lujin Luo,2
Erik Colnick,8
Tong Li,1
Bin Yu,1
Genadi Chereshnya,5
Brian Bowen,1
Yusuke Muraoka,1
Clark Boylan,5
huzhiling,1
Boden R,8
Brandon Palm,2
Shashank Kumar Shankar,9
Armando Migliaccio,137
DuYaHong,1
Arie Bregman,1
liudong,1
Terry Wilson,80
Sean M. Collins,33
Derek Higgins,5
Saju Madhavan,2
Tom Fifield,2
sushma_korati,1
Claudiu Belu,12
Anthony Chow,1
Jason Dillaman,1
Frode Nordahl,1
Sudhakar,1
Ivan Kolodyazhny,6
dukhlov,1
Motohiro OTSUKA,1
Monty Taylor,34
Britt Houser,1
linb,1
Hu Yupeng,1
Darren Birkett,2
Alex Oughton,2
Saurabh Chordiya,1
Przemyslaw Czesnowicz,1
AKamyshnikova,15
Ravi Kota,1
Eric Brown,2
Matthew Edmonds,1
Vlad Gridin,1
SauloAislan,1
Peng Yong,2
Louis Taylor,1
Tatyana Leontovich,3
Hui Xiang,1
mathieu-rohon,14
Ann,1
Major Hayden,2
Thomas Bechtold,3
Yong Sheng Gong,43
Michael Still,4
Ilya Pekelny,1
Vasiliy Khomenko,1
Nachi Ueno,42
John Jason Brzozowski,1
Hisaharu Ishii,1
Omer Anson,9
Bin Zhou,1
mamtap,1
Shang Yong,1
Swaminathan Vasudevan,70
JuPing,2
sayalilunkad,2
Hui HX Xiang,9
Davanum Srinivas,16
Vishvananda Ishaya,1
Oleg Bondarev,139
Mr. Bojangles,3
justin Lund,2
Brad Hall,59
Marc Koderer,1
Sindhu Devale,4
JieLee,1
Eyal,1
Daniel Mellado,1
shmcfarl,1
Yushiro FURUKAWA,7
Slawek Kaplonski,1
whitekid,1
Sukhdev,10
Corey Wright,1
adreznec,1
EmilienM,1
Jens Rosenboom,4
zhangyanxian,4
Aliaksandr Dziarkach,1
Brian Haley,95
rajeev,15
Dongcan Ye,14
KIYOHIRO ADACHI,1
Julie Pichon,1
Baodong Li,2
Anindita Das,17
Emma Foley,1
Wu Wenxiang,2
Ante Karamatic,2
lzyeval,1
zengfagao,3
jufeng,2
Tracy Jones,1
Kanzhe Jiang,6
Brant Knudson,1
Thomas Herve,1
armando-migliaccio,300
Sreekumar S,10
lilintan,10
lianghao,2
Victor Laza,1
imran malik,1
ankitagrawal,4
niusmallnan,1
Carol Bouchard,2
Matt Odden,1
Numan Siddique,11
fujioka yuuichi,3
Victor Morales,26
Sridhar Ramaswamy,1
rohitagarwalla roagarwa@cisco.com,1
Gábor Antal,1
qinchunhua,1
liusheng,3
zhiyuan_cai,1
John Davidge,30
Sukhdev Kapur,5
Nikolay Sobolevskiy,1
Xiaolin Zhang,1
Tom Holtzen,1
Adin Scannell,1
Dipa Thakkar,1
xchenum,2
watanabe.isao,6
Jordan Tardif,1
David Ripton,3
eperdomo@cisco.com,2
Robert Pothier,4
Herman Ge,1
Jun Park,1
Zang MingJie,6
Jerry Zhao,1
LiuYong,1
Justin Hammond,3
Carl Baldwin,159
Nir Magnezi,5
Jacek Swiderski,4
nick.zhuyj,1
Alessio Ababilov,7
gaozhengwei,2
Adolfo Duarte,2
Aviram Bar-Haim,1
Ryan Tidwell,22
Ralf Haferkamp,5
Sushil Kumar,1
Michael Johnson,2
Sergey Lukjanov,1
Manjunath Patil,1
Jeremy Hanmer,2
Hiroaki KAWAI,1
hobo.kengo,8
Dmitriy Ukhlov,1
Adit Sarfaty,4
Ester Niclos Ferreras,1
Angela Smith,3
Lucas Alvares Gomes,1
Boris Pavlovic,2
fellypefca,1
ricolin,1
Jianing Yang,1
reedip,3
Alin Balutoiu,2
Ed Bak,5
Vivekanandan Narasimhan,11
Qiaowei Ren,2
Saggi Mizrahi,1
fumihiko kakuma,23
Ignacio Scopetta,1
Gauvain Pocentek,1
Tang Chen,1
Graham Hayes,1
ChuckC,2
Takuma Watanabe,1
leejian0612,1
Joe Mills,7
Praneet Bachheti,1
Bhuvan Arumugam,1
jeckxie,3
Roman Sokolkov,1
Harshada Mangesh Kakad,1
Praveen Yalagandula,1
nmagnezi,1
Guilherme Salgado,1
Kiall Mac Innes,1
Kawaguchi,1
Dan Florea,1
Ilya Shakhat,10
Clayton O'Neill,4
Nguyen Hung Phuong,5
Roman Prykhodchenko,4
Cao Xuan Hoang,3
Kenji Yasui,1
Steve Kipp,1
Edan David,10
Ivar Lazzaro,14
Andrew Boik,7
Margaret Frances,2
Yang Yu,2
Sean Mooney,7
Ihar Hrachyshka,468
Alex Holden,1
Jason Zhang,6
Sayaji,6
Wenxin Wang,1
Gerard Braad,1
enriquetaso,1
He Yongli,2
Lorin Hochstein,2
Jason Kölker,5
alexpilotti,1
Dariusz Smigiel (dasm),4
salvatore,5
KAWAI Hiroaki,1
Babu Shanmugam,1
Jaume Devesa,4
lijianlj,2
Thomas Morin,14
Sachi King,6
hujin,1
Vincent Legoll,1
yujie,6
Robin Cernin,1
Hunt Xu,1
shaofeng_cheng,2
Martin Kletzander,1
openstack,1
Yuji,1
john_a_joyce,1
Bruce Tan,1
Sławek Kapłoński,25
Jordan Pittier,1
yangxurong,7
Yannick Thomas,2
Sitaram Dontu,1
Sergey Vilgelm,6
Béla Vancsics,2
Aleks Chirko,1
Bernard Cafarelli,3
ajmiller,2
dql,1
Ryan O'Hara,2
maoshuai,1
Junjie Wang,1
Darragh O'Reilly,24
trinaths,1
wangbo,1
Alexander Maretskiy,1
Christoph Thiel,1
Harsh Prasad,3
Santhosh Kumar,5
Jorge Miramontes,1
Neil Jerram,13
Dermot Tynan,1
Miguel Ángel Ajo,1
Tomoko Inoue,1
Rich Curran,12
Juliano Martinez,7
Dmitry Ratushnyy,1
Pallavi.s,1
Nick,4
Steven Ren,1
TrinathSomanchi,1
Li Ma,9
Debo,1
Ha Van Tu,2
abhishekkekane,1
YanXingan,1
Sergey Kolekonov,2
Kaiwei Fan,8
Kevin Fox,1
Kiseok Kim,1
Aman Kumar,7
Gary Kotton,336
lzklibj,21
Cady_Chen,3
Tony Xu,3
Nader Lahouti,2
Saverio Proto,2
Miguel Angel Ajo,76
zoukeke@cmss.chinamobile.com,1
Shaohe Feng,2
Juan Antonio Osorio Robles,1
Nam Nguyen Hoai,4
Chuck Carlino,1
karimb,1
Maxime Guyot,1
Matt Thompson,1
Weidong Shao,1
Yu Fukuyama,1
rossella,53
Kevin Benton,744
Rui Zang,3
Arvind Somya,17
Pritesh Kothari,7
Duan Jiong,2
John Kasperski,5
Abhishek Chanda,1
Matt Dietz,1
singhannie,1
Ying Liu,36
Rawlin Peters,7
Koteswara Rao Kelam,4
gongysh,35
Lu lei,1
Cedric Brandily,171
Li Xipeng,2
Anh Tran,4
Prashant Shetty,1
johndavidge,1
John Nielsen,1
Gal Sagie,23
Joe Harrison,1
Jon Grimm,2
Fei Long Wang,1
Mithil Arun,1
jasonrad,1
aaronorosen,1
Dong Jun,2
Vishal Agarwal,2
Steven Hillman,2
Na,1
Clint Byrum,1
changzhi1990,2
David-gb,1
Bob Kukura,28
John Perkins,6
Roey Chen,15
Abhishek Talwar,1
Murali Birru,1
Perry Zou,1
Jamie Lennox,7
Aparupa,1
Gordon Chung,2
Romil Gupta,16
Simon Pasquier,2
Inessa Vasilevskaya,9
Adam Harwell,1
Kahou Lei,3
Sam Morrison,1
Eoghan Glynn,1
Xuhan Peng,9
Saksham Varma,5
Mathieu Gagné,1
Joe Heck,1
"shu,xinxin",1
e0ne,2
Maru Newby,76
Francisco Souza,1
Sean McCully,3
Jean-Philippe Evrard,1
Yalei Wang,21
venkata anil,24
Pierre RAMBAUD,1
Moshe Levi,37
Santhosh,4
Ray Chen,1
Vladislav Belogrudov,3
mat,2
Pavel Bondar,40
Einst Crazy,2
Henry Gessau,134
gh159m,1
Prateek Arora,1
Julien Danjou,8
Dmitry Sutyagin,2
Chandan Dutta Chowdhury,1
JJ Asghar,1
Jesse,1
abhishek60014726,2
Bogdan Tabor,5
huangpengtao,6
Attila Fazekas,1
tonytan4ever,6
ivan-zhu,1
Petrut Lucian,2
Joe Gordon,9
garyk,2
Ilya Sokolov,1
Sridhar S,1
Dazhao,2
sindhu devale,3
Abishek Subramanian,3
Sascha Peilicke,4
Dave Cahill,2
Abhishek Raut,22
Tom Cammann,1
ZhaoBo,8
Haiwei Xu,1
Ramu Ramamurthy,2
Peng Xiao,1
Shashank Hegde,3
Jack McCann,1
Trinath Somanchi,3
Eric Larese,1
Tim Miller,1
Liang Bo,1
jun xie,3
Farhad Sunavala,1
Roman Podolyaka,13
Praveen Kumar SM,1
Xu Han Peng,14
Paul Carver,2
justin ljj,6
Chuck,1
Kevin L. Mitchell,6
sindhudevale,7
Ann Kamyshnikova,99
Ryan Petrello,1
hgangwx,3
Sudheendra Murthy,1
Wlodzimierz Borkowski,1
Yoni Shafrir,6
Ryan Moats,27
guiyanxing,1
Kumar Acharya,1
Alexander Ignatyev,1
Rajesh Mohan,2
Nate Johnston,13
Prince Nana,1
Sripriya,2
James Arendt,4
Zhengguang,1
Yuuichi Fujioka,1
John Belamaric,1
Quan Tian,9
Lajos Katona,1
