Maciej Józefczyk,1
Cedric LECOMTE,1
Alexey I. Froloff,5
Brian Rosmaita,1
sarvesh-ranjan,2
Martins Jakubovics,1
Edgar Magana,6
Esha Seth,1
Ronen Kat,1
ShunliZhou,1
Adam Kacmarsky,1
Ondřej Nový,1
Senhua Huang,2
Dominik Heidler,1
Michael Bayer,1
Vladyslav Drok,2
gengjh,6
YuikoTakada,2
Nick Bartos,1
Shane Wang,22
Evgeny Antyshev,2
Dirk Mueller,27
Jordan Rinke,7
Somik Behera,1
Feng Xi Yan,2
Facundo Farias,1
mkislinska,1
Jared Culp,1
Walter A. Boring IV,7
Miguel Lavalle,3
jianghuaw,1
Chris Dent,98
Md Nadeem,1
Édouard Thuleau,12
Alvaro Lopez,3
Andy Hsiang,3
Flavio Percoco,2
Eoghan Glynn,42
Mark Goddard,3
Ray Chen,2
Alex Hmelevsky,1
Launchpad Translations on behalf of nova-core,27
Wenhao Xu,4
Xing Yang,4
hill,1
matt.dietz@rackspace.com,96
partys,1
Anthony Young,185
Yosef Berman,2
Facundo Maldonado,1
Donovan Finch,1
Pavel Kirpichyov,4
Pawel Koniszewski,34
Qiu Yu,14
Rohan Rhishikesh Kanade,4
Alvaro Lopez Garcia,30
Mana Kaneko,1
Joris S'heeren,1
Matthew Dietz,1
Jakub Ruzicka,14
Sean M. Collins,6
smccully,1
Silvan Kaiser,2
Sean Chen,9
Ken'ichi Ohmichi,213
Andrew Glen-Young,1
Nikita Gerasimov,2
Mikhail Durnosvistov,4
Tom Patzig,1
Tushar Patil,138
David Hill,1
Zhao Lei,1
John Hua,4
Likitha Shetty,1
Cyril Roelandt,4
Pushkar Umaranikar,44
mark.sturdevant,1
StephenSun,1
Huang Rui,1
OpenStack Jenkins,282
Cao ShuFeng,2
Hirofumi Ichihara,4
Frederic Lepied,2
Javeme,8
Pawel Palucki,1
Kien Nguyen,1
Bo Wang,3
SandyWalsh,2
eewayhsu,1
Alex Meade,322
Joshua McKenty,46
Dave Lapsley,3
Donal Lafferty,29
vsaienko,1
Yasuaki Nagata,1
Travis Ankrom,1
zhangtralon,2
Xavier Queralt,28
guohliu,13
Vijaya Erukala,1
Claxton,2
Drew Thorstensen,5
jufeng,3
Nikola Dipanov,228
Jolyon Brown,1
Aaron Rosen,80
lyanchih,3
Emilien Macchi,2
Ronald Bradford,10
David Wahlstrom,1
rtmdk,1
Kost,2
Paul Griffin,2
Prashanth kumar reddy,1
Bartosz Fic,1
He Jie Xu,321
Kevin Bringard,13
Shilla Saebi,1
Clark Boylan,28
liu-sheng,9
Gorka Eguileor,1
wangxiyuan,3
Cory Stone,5
Takaaki Suzuki,1
Justin SB,6
chhagarw,1
Ben Swartzlander,5
Felix Li,3
Zed Shaw,7
dimtruck,1
jaypei,1
Rob Esker,1
Masaki Matsushita,1
Boris Pavlovic,72
Haomai Wang,4
Sean McGinnis,1
Zheng Yue,1
Andrea Frittoli,1
Spencer Yu,3
kirankv,4
Itzik Brown,1
Chen Fan,14
Eric Blake,1
Kartik Bommepally,1
Mark Doffman,17
saradpatel,1
wuhao,1
Roman Dobosz,9
Peter Feiner,4
Allen Gao,6
Nguyen Phuong An,4
Racha Ben Ali,1
Tiago Mello,31
Kaitlin Farr,1
Mark McClain,7
Greg Ball,1
Ryan Rossiter,38
Aysy Anne Duarte,1
Zhenzan Zhou,4
William Wolf,233
Andreas Scheuring,1
QingXin Meng,3
John Bresnahan,4
Gabriel Adrian Samfira,1
Nisha Agarwal,2
Simon Chang,1
Sudarshan Acharya,1
Juan Manuel Olle,3
Robert Tingirica,2
Euan Harris,1
Florent Flament,1
Andre,1
TaoBai,1
Danny Al-Gaaf,1
Russell Bryant,443
Vikhyat Umrao,1
Matt Stephenson,2
Anton Arefiev,1
Dmitry Tantsur,2
Matthew Treinish,49
Steve Baker,3
Christopher MacGown,17
Asbjørn Sannes,2
Wen Zhi Yu,4
Tim Pownall,3
Leehom Li,1
Ken Burger,1
gustavo panizzo,1
Mitsuhiro SHIGEMATSU,3
Doug Hellmann,18
Andrew Clay Shafer,3
Debo~ Dutta,1
Mike Milner,1
Michal Pryc,10
Jakub Pavlik,1
Ming Yang,2
SuperStack,5
Vasyl Saienko,1
TianTian Gao,4
John Stanford,1
ladquin,1
Vincent Untz,2
abhishek.talwar,2
Alfredo Moralejo,1
Nikolai Korablin,1
Ryo Miki,1
Andrey Volkov,16
Qiaowei Ren,10
Koert van der Veer,1
Rodolfo Alonso Hernandez,3
Edward Hope-Morley,3
Scott Moser,53
Craig Vyvial,3
Arnaud Legendre,9
Soren Hansen,611
Mehdi Abaakouk,10
rackerjoe,1
AlexFrolov,1
Sahid Orentino Ferdjaoui,188
Ahmad Hassan,5
Hisaki Ohara,3
Ionuț Bîru,1
Matt Riedemann,757
Matt Fischer,2
Amandeep,1
Mahesh Panchaksharaiah,6
Radoslav Gerganov,41
Mike Pittaro,3
Alex Holden,1
hua zhang,3
sateesh,38
Patrick East,2
Vincent Hou,2
Koichi Yoshigoe,1
liyingjun,47
Alex Szarka,8
Todd Willey,355
Dan Peschman,3
Ravi Shekhar Jethani,2
Dmitry Borodaenko,8
Ana Krivokapic,1
git-harry,2
Brad Pokorny,2
Yuiko Takada,10
Mark T. Voelker,1
Samantha Blanco,1
Lenny Verkhovsky,1
Jinwoo 'Joseph' Suh,4
Ricardo Noriega,1
Alessio Ababilov,14
boh.ricky,2
Alexander Gordeev,1
Luong Anh Tuan,4
deevi rani,1
Zhenguo Niu,7
stewie925,17
George Shuklin,1
warewang,2
Anton Kremenetsky,1
Vui Lam,22
brian-lamar,5
iccha.sethi,2
root,54
Zane Bitter,1
Rohit Karajgi,5
ianeta hutchinson,1
facundo Farias,1
Jim Rollenhagen,21
Toan Nguyen,1
Wanlong Gao,1
Brian Waldon,508
Eiich Aikawa,1
Clemens Perz,1
park hei,9
Anusha Unnam,53
shihanzhang,5
Paul McMillan,1
Ben Nemec,11
Jiajun Liu,8
lrqrun,1
Martin Packman,3
Cory Wright,91
Paul Green,1
Cian O'Driscoll,2
Ryan McNair,1
dineshbhor,10
Ivan A. Melnikov,2
Mahesh K P,1
Robert Li,13
James E. Blair,7
jiangwt100,1
Daniel Stelter-Gliese,1
zhoujunqiang,1
Kui Shi,2
Mike Dorman,2
Anthony Lee,1
Dean Troyer,15
Jon Grimm,1
Akash Gangil,2
Abhishek Anand,1
Satyanarayana Patibandla,2
Kobi Samoray,1
John Tran,117
Francesco Santoro,2
daisy-ycguo,3
Yaguang Tang,62
Matthew Booth,157
Li Chen,1
stanzgy,2
lizheming,5
yolanda.robla,1
pmoosh,1
zhangchunlong,1
Sulochan Acharya,14
Kashi Reddy,1
xushichao,2
Waldemar Znoinski,1
Arata Notsu,41
Yuriy Taraday,52
Akihiro MOTOKI,4
Shuangtai Tian,33
qiaomin,1
hussainchachuliya,11
melissaml,1
Dheeraj Gupta,8
Daniel Kuffner,7
Sergey Skripnick,15
Émilien Macchi,1
Anuj Mathur,1
David Scannell,3
Chris Buccella,6
Alex Gaynor,7
Qin Zhao,19
Russell Cloran,1
Johnson koil raj,2
zhhuabj,2
Ionuț Arțăriși,6
Hiroyuki Eguchi,7
Jennifer Mulsow,2
Vic Howard,1
Lianhao Lu,10
QunyingRan,1
Mauro S. M. Rodrigues,58
Roman Podoliaka,42
danwent,5
Sunil Thaha,1
Thomas Bachman,1
Brent Eagles,8
Vern Hart,1
Pavlo Shchelokovskyy,1
Unmesh Gurjar,16
Darren Worrall,1
Tony NIU,1
Eric Windisch,33
Sirisha Devineni,7
Clenimar Filemon,1
Kun Huang,9
Pranav Salunke,3
Mario Villaplana,1
Radoslaw Smigielski,1
Anish Bhatt,3
Peng Yong,11
Vipin Balachandran,6
Swapnil Kulkarni (coolsvap),2
Zhiteng Huang,7
chaochin@gmail.com,1
lqslan,1
Joe Julian,1
Tom Fifield,5
Masanori Itoh,69
Kieran Spear,4
Stanisław Pitucha,3
julykobe,1
Sudipta Biswas,21
Marco Sinhoreli,1
javeme,1
wanghao,3
Eduardo Costa,1
Robert Collins,52
MikeG451,5
Christian Berendt,54
Sam Alba,2
Yongli he,1
Leandro I. Costantino,16
OctopusZhang,3
Patrick Schaefer,1
Gyorgy Szombathelyi,1
Harshada Mangesh Kakad,1
shi liang,1
Major Hayden,2
John Warren,8
to-niwa,1
Josh Gachnang,5
Manjunath Patil,1
dane-fichter,3
Masayuki Igawa,5
Ianeta Hutchinson,3
Sean Dague,365
huangtianhua,14
Jonathan Bryce,4
Noorul Islam K M,1
Robert Kukura,1
James Page,4
Tristan Cacqueray,5
John L. Villalovos,3
Michael Gundlach,207
Luigi Toscano,1
Andrea Rosa,21
RongzeZhu,3
Andreas Jaeger,36
scottda,2
Sidharth Surana,2
Takashi NATSUME,81
Jean-Baptiste RANSY,1
Matthew Sherborne,18
lawrancejing,4
Philip Knouff,12
Jason Koelker,149
Matthew Hooker,43
Tony Yang,1
Josh Kearney,420
Alexander Gorodnev,3
Yong Sheng Gong,1
Stephanie Reese,3
xiexs,6
Yang Hongyang,1
Ben Roble,1
Pranali Deore,1
IWAMOTO Toshihiro,1
Kevin Zhao,4
Akihiro Motoki,1
Maciej Szankin,61
Adam Johnson,2
Paul Murray,35
Divya,3
venkatamahesh,2
wingwj,8
Amir Sadoughi,2
Ian Wienand,3
Pádraig Brady,78
Hendrik Volkmer,1
Ripal Nathuji,2
dzyu,1
Huan Xie,9
Lan Qi song,1
Mike Spreitzer,5
JordanP,3
ftersin,2
Nachi Ueno,51
Trey Morris,371
Solly Ross,6
dekehn,4
YAMAMOTO Takashi,2
Kashyap Chamarthy,9
Thang Pham,26
Jin Hui,1
Krisztian Gacsal,3
Ghanshyam,38
Daniel P. Berrange,359
ZhiQiang Fan,5
Cerberus,240
yushangbin,1
John Kennedy,1
Shlomi Sasson,1
Andrey Kurilin,11
Nikhil Komawar,10
Adelina Tuvenie,19
Andy Hill,2
Eugene Nikanorov,8
Komei Shimamura,1
Giulio Fidente,1
Alessandro Pilotti,62
Liam Kelleher,2
Jake Liu,5
tengqm,3
Chris Friesen,21
Lee Yarwood,24
da52700,1
Andrei V. Ostapenko,1
benjamin.grassart,1
Andrey Brindeyev,2
François Charlier,5
Tobias Urdin,1
Sujitha,51
Anand Shanmugam,2
Brianna Poulos,1
Gao Yuan,4
srushti,8
Hironori Shiina,24
Malini Bhandaru,1
James Carey,7
Jorge Niedbalski,1
Tomi Juvonen,3
Dan Dan Song,1
Victor Stinner,28
zhangfeng,1
xhzhf,5
Devin Carlen,93
Julia Varlamova,2
Wei Jiangang,2
Newptone,1
Jean-Marc Saffroy,1
Jian Wen,23
David Edery,2
ruichen,4
Mikhail Feoktistov,8
Venkateswarlu Pallamala,1
vaddi-kiran,1
Sergio Cazzolato,1
Jay Pipes,266
En,1
Tushar Kalra,1
Xinyuan Huang,1
Luo Gangyi,1
ChangBo Guo(gcb),127
Haruka Tanizawa,1
Yulia Portnova,3
David Besen,1
yangyapeng,1
Johannes Erdfelt,449
Alexander Burluka,1
Yoshihiko Atsumi,3
yuyafei,1
Clay Gerrard,5
Ante Karamatic,1
sridhargaddam,3
Pavel Gluschak,1
sonu.kumar,2
Shawn Hartsock,5
Lauren Taylor,1
Mandell Degerness,6
Mikhail Chernik,1
abdul nizamuddin,1
s iwata,1
Paulo Matias,1
John Herndon,5
Karen Noel,1
Hemanth Makkapati,3
Teran McKinney,4
David Bingham,1
Roman Bogorodskiy,9
Guangya Liu,2
Seif Lotfy,1
zhufl,6
zhuzeyu,1
Ryota MIBU,2
Joshua Hesketh,23
Anita Kuno,1
Mate Lakat,37
heha,1
galstrom21,1
ChenZheng,1
Carlos Goncalves,1
Ruby Loo,3
David Kang,1
PranaliDeore,10
Nikita Konovalov,1
shuangtai,6
Edan David,3
Thuleau Édouard,18
Will Foster,1
Melanie Witt,16
Mark McLoughlin,330
yatin karel,1
Eiichi Aikawa,5
Olga Kopilova,1
Steven Hardy,1
termie,116
Chris Behrens,499
Alexis Lee,20
Erwan Gallen,1
Tomofumi Hayashi,1
Rui Chen,13
Ludovic Beliveau,19
Christine Wang,1
Vishvananda Ishaya,1703
Joe Cropper,11
zhangchunlong1@huawei.com,7
XieYingYun,3
watanabe isao,2
Michael Krotscheck,2
ZHU ZHU,7
gong yong sheng,1
Eli Qiao,125
John Dewey,9
Sven Anderson,5
Oleg Bondarev,11
Aneesh Puliyedath Udumbath,1
Dan Florea,2
Tomoki Sekiyama,7
divakar-padiyar-nandavar,2
Dan Genin,3
Philip Schwartz,3
Leehom Li (feli5),1
OpenStack Release Bot,1
zhangchao010,1
Aditi Rajagopal,1
Joel Moore joelbm24@gmail.com,4
Devendra Modium,6
Thierry Carrez,127
gengchc2,2
Renuka Apte,24
Dennis Kliban,3
Mohammed Naser,12
Stef T,1
Ala Rezmerita,1
Andy Southgate,14
Alexander Sakhnov,3
Ryan Lucio,9
Inbar,1
weiweigu,1
Irena Berezovsky,1
Aswad Rangnekar,2
Mike Bayer,5
Hesam Chobanlou,1
ZhuRongze,1
Sathish Nagappan,1
Abhijeet Malawade,5
Ilya Pekelny,3
Rafael Folco,8
Eugeniya Kudryashova,12
MORITA Kazutaka,38
gtt116,14
isethi,4
Danfly,5
Andrew James,1
Chiradeep Vittal,27
Mitsuhiro Tanino,2
Sampath Priyankara,1
Jesse Andrews,89
Ghe Rivero,4
Brian Elliott,89
Pavel Kholkin,43
Rongze Zhu,6
jmeridth,1
Alexander Schmidt,7
Jeremy Stanley,13
Xiang Hui,1
Roland Hochmuth,1
csatari,3
Jianghua Wang,5
Kentaro Matsumoto,1
Jie Li,1
Shih-Hao Li,2
Corentin Ardeois,1
Kengo Sakai,1
Joe Heck,16
Keshava Bharadwaj,1
Steve Kowalik,3
Maho Koshiya,3
Sam Betts,4
Renier Morales,1
Rajesh Tailor,24
Jay S. Bryant,5
bailinzhang,2
Arvind Somya asomya@cisco.com,4
Dan Smith,908
Stephen Finucane,141
llg8212,1
Sateesh Chodapuneedi,1
Brian D. Elliott,4
Madhu Mohan Nelemane,1
Jim Fehlig,10
oleksii,1
Sarafraj Singh,20
Antony Messerli,7
Bernhard M. Wiedemann,1
Takashi Sogabe,2
Corey Bryant,2
Flaper Fesp,1
Alessandro Tagliapietra,1
Gonéri Le Bouder,1
Breno Leitao,1
Dima Shulyak,1
Jon Bernard,2
fujioka yuuichi,2
Morgan Fainberg,5
Ice Yao,1
Ildiko Vancsa,10
sridevik,3
kashivreddy,1
Tong Li,3
Daniel L Jones,1
Jan Grant,3
Phlip Knouff,1
Alexei Kornienko,22
Bill Owen,1
pran1990,1
chenxiao,5
Tim Simpson,12
Boden R,3
David Pravec,4
Dan Prince,507
yuntongjin,7
linwwu,1
Brendan Maguire,4
liudong,1
Attila Fazekas,8
Chris St. Pierre,6
Deepak Garg,1
ShaoHe Feng,35
Debo Dutta,1
Derek Higgins,14
Sirushti Murugesan,2
Erik Zaadi,1
Joshua Harlow,18
Claudiu Belu,90
danwent@gmail.com,9
Troy Toman,5
pkholkin,11
Jason Dillaman,5
Andrei Bacos,1
jinquanni,1
Lvov Maxim,34
Elena Ezhova,8
Andrew Lazarev,1
Luis A. Garcia,4
Monty Taylor,97
Gabe Westmaas,11
Mike Perez,6
Darren Birkett,2
Jérôme Gallard,1
tamilhce,1
wanghongxu,1
Ollie Leahy,2
Thelo Gaultier,1
Yuzlikeev Eduard,4
shreeduth-awasthi,1
tianmaofu,1
Arvind Somy,4
Balazs Gibizer,70
Michal,1
Eric Brown,30
Chandan Kumar,1
Matthew Edmonds,2
Armando Migliaccio,133
Aaron Lee,22
Andy McCrae,3
chris fattarsi,1
Julian Sy,8
zhang-jinnan,1
Eohyung Lee,1
Feodor Tersin,21
Boris Filippov,9
Jason.Zhao,1
aulbachj,1
Dinesh Bhor,2
Mike Fedosin,11
zhengyao1,2
Kanagaraj Manickam,1
Artom Lifshitz,12
Xiao Chen,1
EdLeafe,91
Andrew Melton,19
Bartek Zurawski,1
zte-hanrong,9
maqi,1
Thomas Bechtold,4
panbalag,1
Luis Tomas,4
Michael Still,226
Taylor Peoples,4
Sumanth Nagadavalli,2
Ryan Hsu,2
Zhou Jianming,1
lzyeval,5
Vu Tran,1
Kent Wang,1
Juerg Haefliger,1
Yukihiro KAWADA,1
Pedro Navarro Perez,2
tilottama gaat,1
Bin Zhou,2
Sandy Walsh,415
jiataotj,5
Monsyne Dragon,59
Matthew Macdonald-Wallace,3
Swaminathan Vasudevan,1
Joseph W. Breu,3
JuPing,1
Marcos Lobo,1
Aditi Raveesh,9
liyuanyuan,1
Trung Trinh,1
Davanum Srinivas,240
xianming mao,1
Lucian Petrut,47
You Ji,1
Michael H Wilson,4
Yuriy Zveryanskyy,27
Nicholas Kuechler,3
Kirill Shileev,1
Xiaoyan Ding,1
Ryan Lane,84
Bob Ball,47
Jay Lau,59
Deepak C Shetty,3
Maithem,2
yatinkarel,1
zhangyanzi,1
Rick Harris,467
Timofey Durakov,56
Brian Schott,4
Sascha Peilicke,6
Nickolay Sokolov,1
Vladan Popovic,7
Dan Wendlandt,76
Mike Durnosvistov,31
Craig Tracey,1
Don Dugger,4
Corey Wright,10
Jesse J. Cook,6
ghanshyam,204
Justin Shepherd,38
Taylor Smith,2
Sukhdev Kapur,1
Santiago Baldassin,2
Forest Romain,1
Christopher Lefelhocz,22
zhangyanxian,2
David Peraza,7
Josh Durgin,18
Dina Belova,5
Brian Haley,2
Xiangyang Chu,3
Dongcan Ye,2
KIYOHIRO ADACHI,7
NTT PF Lab,1
Brooks Kaminski,1
yaguang tang,2
Navneet Kumar,1
liu-lixiu,1
Wu Wenxiang,1
Bo Quan,1
Hyunsun Moon,1
vladimir.p,78
Gergo Debreczeni,1
Ed Leafe,164
Mathew Odden,1
JC Martin,1
Emma Foley,1
chinmay,1
Tracy Jones,17
yuntong,10
Brant Knudson,5
John Griffith,23
Thomas Herve,1
Dongdong Zhou,3
armando-migliaccio,5
abhishek-kekane,1
Eric Berglund,1
Mike Lundy,3
Akira Yoshiyama,3
yatin,1
ling-yun,1
mingyan bao,1
april,1
Mikyung Kang,11
gregory.cunha,1
Matt Joyce,4
ankitagrawal,9
Puneet Goyal,1
John Garbutt,183
Chet Burgess,20
Matt Odden,19
Marian Horban,14
Cole Robinson,3
Yixing Jia,1
David Shrewsbury,4
Chris Yeoh,251
Loganathan Parthipan,4
Bilal Akhtar,4
Devdatta Kulkarni,1
Clif Houck,1
DuYaHong,2
Tony Breeds,11
m.benchchaoui@cloudbau.de,1
Gábor Antal,27
Karen Bradshaw,12
leizhang,1
liusheng,2
zhiyuan_cai,1
Nikolay Sokolov,23
Michael Wurtz,1
ashoksingh,1
Swami Reddy,3
andy,33
paul@openstack.org,6
Yingxin,7
Gregory Haynes,1
Xu Ao,1
Avinash Prasad,1
Rosario Di Somma,1
Phil Day,69
David Ripton,29
Kamil Rykowski,2
Liam Young,1
TuanLAF,2
Abhishek Talwar,1
Changbin Liu,2
Eric Harney,17
Dave McNally,1
Qiang Guan,1
Scott Reeve,1
Rick Clark,11
David Xie,1
Justin Hammond,2
Ram Nalluri,1
mjbright,1
Guangyu Suo,1
Kei Masumoto,82
Carl Baldwin,2
Tianpeng Wang,1
Victor Sergeyev,18
Greg Althaus,1
Joel Coffman,13
jenny-shieh,1
Bharath Thiruveedula,1
Dave Walker (Daviey),22
Anne Gentle,84
Spencer Krum,1
unicell,7
Rafi Khardalian,31
Muawia Khan,1
fpxie,1
Adalberto Medeiros,2
Brent Tang,1
Thomas Maddox,1
Dorin Paslaru,2
Tovin Seven,1
Anton Gorenkov,2
Michael J Fork,10
Salvatore Orlando,162
Devdeep Singh,1
Esra Celik,17
Martin Schuppert,2
Sumit Naiksatam,3
VeenaSL,1
Lucas Alvares Gomes,17
Marcellin Fom Tchassem,1
Fengqian Gao,2
Aarti Kriplani,6
Alexandre Levine,1
DennyZhang,1
Ellen Hui,1
vijaya-erukala,4
Tom Hancock,2
liangjingtao,1
hzguanqiang,1
Mike Scherbakov,9
Ed Bak,3
Yun Shen,1
pangliye,3
Danfeng,1
Naveed Massjouni,186
Romain Chantereau,1
Hans Lindgren,158
Michael Wilson,12
Pallavi,1
mdietz,30
Ilya Alekseyev,80
Sabari Kumar Murugesan,17
Guan Qiang,4
Jay Lee,2
Maxim Nestratov,6
Gauvain Pocentek,2
Tang Chen,6
mathieu-rohon,1
Alex Glikson,9
Graham Hayes,1
Diana Clarke,99
Dharini Chandrasekar,1
Muneyuki Noguchi,16
wangbo,1
Rikimaru Honjo,1
KevinZhao,1
Joe Mills,1
Bhuvan Arumugam,2
jeckxie,2
Michael Turek,2
Deliang Fan,1
lapgoon,1
Atsushi SAKAI,5
Praveen Yalagandula,1
Keisuke Tagami,10
Pengfei Zhang,1
Ken Pepple,173
Danil Akhmetov,2
Kiall Mac Innes,1
tanlin,6
Amrith Kumar,2
Teng Li,1
Eric Day,111
Nguyen Hung Phuong,9
Arathi,2
jokcylou,1
Cao Xuan Hoang,3
Kenji Yasui,1
Alberto Planas,2
Xiaowei Qian,1
Zhi Yan Liu,11
David Subiros,5
Richard Jones,2
Dave McCowan,3
Shuquan Huang,3
Yang Yu,5
Sean Mooney,6
Kaushik Chandrashekar,4
Ihar Hrachyshka,6
Vladik Romanovsky,89
Edwin Zhai,1
poojajadhav,1
Andre Aranha,1
Yufang Zhang,9
Jenny Oshima,1
Joe Talerico,1
Jeegn Chen,3
msdubov,4
LingxianKong,2
Chuck Short,153
He Yongli,15
Luis Fernandez Alvarez,3
Lorin Hochstein,87
Jason Kölker,111
alexpilotti,1
Zhongyue Luo,88
Koji Iida,6
Hisaharu Ishii,38
"Earle F. Philhower, III",1
Phong Ly,3
Rushi Agrawal,3
linbing,1
"Yunhong, Jiang",8
Jens Jorritsma,1
Dan Emmons,1
Cale Rath,1
Vivek YS vivek.ys@gmail.com,3
Zoltan Arnold Nagy,2
Ian Wells,1
Kurtis Cobb,2
Sachi King,2
Numan Siddique,1
Jacob Cherkas,1
Przemyslaw Czesnowicz,13
masumotok,22
Andrew Laski,234
Yunhong Jiang,19
shaofeng_cheng,1
Martin Kletzander,1
Yoshiaki Tamura,12
Kevin_Zheng,64
jcooklin,1
Brad Hall,29
Doug Royal,1
Chris Jones,1
m4cr0v,1
Eric Fried,4
gseverina,1
Isaku Yamahata,111
Jens Rosenboom,12
Cedric Brandily,3
zhaolihui,1
Sławek Kapłoński,2
Jordan Pittier,6
Eugene Kirpichov,3
Ankit Agrawal,2
Ziad Sawalha,1
Sergey Vilgelm,2
yongiman,1
Béla Vancsics,4
Brandon Irizarry,1
Alexander Bochkarev,2
Jason Cannavale,19
Laszlo Hegedus,1
David Medberry,2
Subhadeep De,1
Janis Gengeris,2
Christopher Yeoh,14
Steven Dake,1
mathrock,4
kairoaraujo,1
Darragh O'Reilly,1
Matt Rabe,1
annegentle,5
Stefan Amann,1
Fang He,1
Dane Fichter,3
zhiyanliu,2
Christoph Thiel,2
Richard W.M. Jones,1
Daniel Genin,4
Neil Jerram,2
LiuNanke,1
J. Daniel Schmidt,1
Jay Faulkner,1
Paul Voccio,4
jichenjc,360
Brian Lamar,316
Tim Miller,1
bria4010,1
abhilash-goyal,1
Zhilong.JI,1
Nirmal Ranganathan,10
Adrien Cunin,3
jianghua wang,1
sharat.sharma,4
Matt Thompson,2
Ha Van Tu,9
abhishekkekane,6
Kravchenko Pavel,13
Ray Sun,1
Abhishek Chanda,1
renukaapte,1
Brad McConnell bmcconne@rackspace.com,3
Gleb Stepanov,8
preethipy,1
Anthony Woods,1
Toshiaki Higuchi,1
Jeffrey Zhang,7
Andrew Bogott,30
Duong Ha-Quang,5
Mitsuhiko Yamazaki,4
lei zhang,1
Yolanda Robla,3
Flavia Missi,1
Ryu Ishimoto,65
Peter Krempa,1
zhang.yufei@99cloud.net,1
Kylin CG,1
Gary Kotton,479
Chris Krelle,8
Ivo Vasev,1
hartsocks,8
MotoKen,25
Antoni Segura Puimedon,1
Augustina Ragwitz,10
James Chapman,1
Ante Karamatić,2
Cady_Chen,1
Tony Xu,1
Adam Young,1
Saverio Proto,1
Subashini Soundararajan,1
Jesse Keating,3
Peng Li,1
zwei,1
ydoyeul,1
Yingxin Cheng,2
melanie witt,98
Juan Antonio Osorio Robles,5
Nam Nguyen Hoai,1
karimb,1
Michal Dulko,2
Yosef Hoffman,1
Anthony PERARD,5
Chris,2
Xuanzhou Perry Dong,2
Kevin Benton,11
Ricardo Carrillo Cruz,25
Avishay Traeger,6
yuhui_inspur,2
Josh Kleinpeter,6
Gaurav Gupta,1
Duan Jiong,1
Sivasathurappan Radhakrishnan,27
Florian Haas,1
Rohan Kanade,4
Leander Bessa Beernaert,1
Chmouel Boudjnah,4
jichen,2
JiaLei Shi,1
Prem Karat,1
mbasnight,1
kiwik-chenrui,5
Madhuri Kumari,6
gongysh,1
Thomas Stewart,1
Andrew Woodward,1
Radomir Dopieralski,2
Gabriel Hurley,1
Anh Tran,13
Angus Lees,5
Sleepsonthefloor,5
David McNally,13
lkhysy,1
Amy Fong,1
Anton V. Yanchenko,1
Zhihai Song,4
heijlong,1
Fei Long Wang,8
John H. Tran,1
Ralf Haferkamp,1
Stanislaw Pitucha,45
Sylvain Bauza,141
Dolph Mathews,2
Burt Holzman,16
Justin Santa Barbara,285
yugsuo,2
Andrey Pavlov,3
Sam Yaple,1
Ayush Garg,1
Lance Bragstad,16
Ryan Moore,7
Dimitri Mazmanov,1
Clint Byrum,3
Guohui Liu,1
Grzegorz Grasza,1
Belmiro Moreira,10
Scott Wilson,1
Shraddha Pandhe,3
int32bit,9
Roey Chen,2
Chang Bo Guo,20
Artur Malinowski,1
Robert Pothier,2
Wangpan,30
Jamie Lennox,8
Zaina Afoulki,1
Tomoe Sugihara,5
zhoudongshu,2
guillaume-thouvenin,2
Gordon Chung,1
Alex Handle,1
Gage Hugo,4
Andrew Boik,3
grace.yu,1
Simon Pasquier,2
Ben McGraw,2
Duncan McGreggor,4
Steven Kaufer,11
"Beliveau, Ludovic",1
Takenori Yoshimatsu,2
Grant Murphy,1
Thorsten Tarrach,3
Stuart McLaren,2
Joseph Suh,1
Ivan Kolodyazhny,2
Tim Potter,1
Lin Tan,1
Mark Washenberger,176
Evan Callicoat,1
Mathieu Gagné,8
Ewan Mellor,154
Dmitry Guryanov,8
pengyuwei,1
Alin Gabriel Serdean,1
Wenzhi Yu,8
Eldar Nugaev,77
Maris Fogels,2
Maru Newby,6
Dmitry Spikhalskiy,2
Chris J Arges,1
Cor Cornelisse,2
Surojit Pathak,1
Adam Spiers,1
venkata anil,1
Fang Jinxing,1
Moshe Levi,28
Matthew Oliver,1
Gabriel Samfira,1
Devananda van der Veen,63
Shunya Kitada,1
Kurt Taylor,10
pyw,1
Yassine Lamgarchal,2
ericzhou,1
lvdongbing,4
david martin,1
Lars Kellogg-Stedman,3
Einst Crazy,1
gh159m,1
Prateek Arora,2
Julien Danjou,42
Andy Smith,74
andrewbogott,6
Mandar Vaze,7
Adam Gandelman,27
Michael Kerrin,13
Matthew Gilliard,18
Chuck Carmack,13
Arx Cruz,2
Hieu LE,57
Yun Mao,70
"Chung Chih, Hung",3
huangpengtao,2
ivan-zhu,38
Petrut Lucian,2
Sagar Ratnakara Nikam,5
Jimmy Bergman,13
Giridhar Jayavelu,7
Romain Hardouin,1
Joe Gordon,419
eddie-sheffield,1
garyk,3
xiaoding,2
Jake Dahn,25
Markus Zoeller,67
Dao Cong Tien,33
Vilobh Meshram,1
lianghuifei,1
Rakesh H S,1
Brian Moss,1
Lin Hua Cheng,1
Dazhao,1
Tom Cammann,1
venakata anil,1
Hengqing Hu,20
Haiwei Xu,34
Demontiê Junior,1
Michael Davies,9
Darren Sanders,1
Eric Guo,3
Mathieu Mitchell,2
Lingxian Kong,2
Ian Cordasco,2
Russell Sim,2
"Pekelny ""I159"" Ilya",1
Adrian Vladu,1
ericxiett,2
parklong,15
Sergey Nikitin,76
Roman Podolyaka,20
Nicolas Simonds,15
bhagyashris,13
Adrian Smith,2
Simona Iuliana Toader,2
Xu Han Peng,1
justin ljj,1
pcarlton,1
Kevin L. Mitchell,144
Kei masumoto,2
kevin shen,1
YangLei,2
libing,1
Ann Kamyshnikova,8
Sam Morrison,12
Matt Dietz,22
hgangwx,2
jakedahn,3
Svetlana Shturm,13
Anush Krishnamurthy,4
Zhou ShaoYu,3
uberj,1
Samuel Matzek,1
Andras Gyacsok,1
Arnaud Morin,2
Luiz Capitulino,1
yunhong jiang,10
Maxime Leroy,2
Stephen Gran,3
Giampaolo Lauria,30
Zhengguang,5
Yuuichi Fujioka,1
nova,1
Vasiliy Shlykov,3
piyush110786,1
