Calpa Liu,1
Rüdiger Busche,1
Timothy J Laurent,1
Ali Siddiqui,1
Yong Tang,12
Kanit Wongsuphasawat,1
Alexander G. de G. Matthews,1
Matthias Winkelmann,1
Malcolm Reynolds,4
Danijar Hafner,5
BanditCat,1
Maciek Chociej,44
Kamil Hryniewicz,1
Fabrizio Milo,12
Carmezim,2
Brennan Saeta,27
c0g,1
Aurelien Geron,1
zhengxq,13
cwhipkey,3
Sanders Kleinfeld,9
Moussa Taifi,1
Vesnica,2
Saisai Shao,1
Alexey Surkov,39
Alexander Rosenberg Johansen,6
Evgeny Mazovetskiy,1
manipopopo,2
Justine Tunney,74
Saran Tunyasuvunakool,1
Zack Polizzi,1
thuyenvn,7
Dan Mané,219
Rasmus Larsen,17
Ashutosh Das,1
John Maidens,1
Tim Anglade,1
Rohan Jain,90
Fung LAM,1
Nick Meehan,1
Konstantin Lopuhin,1
TheUSER123,1
akash,1
Yota Toyama,3
Frank Perbet,1
Andy Chong Chin Shin,1
e-lin,3
Dan Van Boxel,1
NORTHAMERICA\vistepan,17
Mostafa Gazar,1
hoangmit,1
tyfkda,8
Kamran Amini,1
Kevin Rose,3
Akiomi KAMAKURA,2
Tijmen Tieleman,2
lvli,1
baoblackcoal,1
Vivek Rane,6
Sebastian Raschka,1
Park Jiin,1
Chi Zeng,1
youyou3,1
SeongJae Park,3
Xingdong Zuo,9
Mycosynth,1
Charles Nicholson,89
Dan Ringwalt,9
Thomas H. P. Andersen,1
wannabesrevenge,1
Pedro Lopes,2
amcrae,10
Singlet,1
Michael Gharbi,1
Olivia,3
Ben Lee,7
sanosay,1
Maxim Grechkin,1
Javi Ribera,4
Robert Rose,1
Erfan Noury,1
Ronny,3
RJ Ryan,28
Hannah Provenza,3
Chris Lesniewski,2
Alexander Heinecke,17
Pavel Bulanov,2
Vladislav Gubarev,1
Orion Reblitz-Richardson,1
selay01,1
Dmitry Persiyanov,1
Yuan Yu,110
polonez,1
Haebin Shin,1
David Majnemer,18
David Dao,1
Alan Mosca,1
Karl Lattimer,1
Florian Courtial,1
Gavin Sherry,1
Ruizhe Zhao (Vincent),1
Illia Polosukhin,409
gaohuazuo,1
Joshi,1
Yangqing Jia,1
Yuncheng Li,1
Phil Stahlfeld,11
Manjunath Kudlur,155
Johnny Lim,14
wujingyue,1
Guenther Schmuelling,2
Kannappan Sirchabesan,1
Dmitry Savintsev,1
Stefano Probst,1
Courtial Florian,1
Neal Wu,22
Raphael Gontijo Lopes,7
HW-ZZ,1
Richard Shin,1
Ville Kallioniemi,1
Balachander Ramachandran,1
ExplodingCabbage,1
Ziming Dong,15
Przemyslaw Tredak,2
teldridge11,1
Luheng He,1
Krishna Sankar,1
Raven Iqqe,2
Anand Chakravarty,4
Siddharth Agrawal,23
Gökçen Eraslan,1
mecab,1
Johann Petrak,1
Rahul Kavi,1
Toby Petty,1
Cassandra Xia,17
Jojy G Varghese,2
vivek-rane,2
Till Hoffmann,6
alanwang93,1
taknevski,5
Christopher Olston,8
Sung Kim,6
Julian Berman,1
Daniel Julius Lasiman,1
Jan Prach,66
Thomas Lee,1
Yeison Rodriguez,1
Gautam,3
Alexander Novikov,1
Abhinav Upadhyay,3
Yunfeng Wang,3
Nick Lyu,1
Hvass-Labs,1
Yangzihao Wang,4
Gu Wang,2
Sergey Kishchenko,1
Clark Zinzow,1
Vit Stepanovs,4
J Yegerlehner,1
Kenton Lee,9
Stephan Hoyer,8
Gefu Tang,1
t13m,1
maxmelnick,2
David Truong,1
Anmol Sharma,1
Christopher Shallue,2
Santiago Castro,1
Mu-ik Jeon,2
znah,5
Yi-Lin Juang,2
Mandar,1
Luke Iwanski,12
Dan Becker,8
Yi Hsiao,1
Iblis Lin,1
Daniel Ylitalo,1
josh11b,1
Austin Marshall,1
danielgordon10,1
Haosdent Huang,3
Dmitri Lapin,1
SunYeop Lee,4
Aziz Alto,1
Adriano Carmezim,13
Sean Papay,2
Igor Macedo Quintanilha,3
Brady Zhou,1
nschuc,1
Eugene Brevdo,303
b0noI,3
mikowals,1
Jan Wilken Dörrie,2
David G. Andersen,63
Jingtian Peng,24
hsiao yi,1
Martin,1
MircoT,1
Egil Martinsson,1
Kenta Yonekura,1
Amlan Kar,1
Todd Wang,3
seaotterman,1
Daniel Waterworth,1
Sachin Joglekar,1
newge,1
Jianwei Xie,71
chemelnucfin,3
Benjamin Mularczyk,1
Blake Hechtman,9
Ondřej Filip,3
David Brailovsky,1
Shubhankar Deshpande,1
Jeffrey A. Dean,15
Nick Butlin,1
MarkDaoust,1
vhasanov,2
sono-bfio,1
Gustav Larsson,3
Sahit Chintalapudi,1
Waleed,1
Frank Li,6
okoriko,1
mouradmourafiq,1
liyongsea,1
Xiaoyu Tao,1
Zhifeng Chen,2
Haroen Viaene,1
Namnamseo,1
Kiril Gorovoy,30
Gideon Dresdner,1
Danny Goodman,3
Mark Szepieniec,1
Jayaram Bobba,11
Shinichiro Hamaji,1
Ivan Smirnov,1
Stephen Roller,1
Jonathan Shen,1
Jack Rae,7
Andre Simpelo,1
emmjaykay,1
lucasmoura,1
urimend,1
Derek Murray,326
Aravind,1
Elia Palme,1
Alec-DeSouza,1
jangsoo park,1
Anish Shah,3
chanis,2
LUO Yun,1
fanlu,3
Andrew Harp,197
Viktor Malyi,1
Yun Peng,44
a7744hsc,1
Hao WEI,1
Jacques Pienaar,6
Mark Daoust,12
annarev,5
Jim Fleming,2
Naveen Sundar G,1
Micael Carvalho,4
Johan Mathe,1
Jakub Kolodziejczyk,4
Javier Dehesa,1
Larissa Laich,1
Christopher Bonnett,2
Appleholic,2
jmtatsch,6
fp,1
Aurélien Geron,1
lilac,1
4F2E4A2E,1
Victor Melo,4
"Bryon Gloden, CISSP®",2
Snake Charmer,1
Vu Pham,15
dcastro9,2
Kashif Rasul,2
Russell Kaplan,1
Julian Niedermeier,1
guilherme,1
Julian Viereck,1
Olav Nymoen,1
Nishant Agrawal,1
Amit Patankar,16
Alexander Mordvintsev,2
gunan,183
Nico Galoppo,1
ry,3
Leo Mao,1
Tayo Oguntebi,5
Geoffrey Irving,149
Viacheslav Kovalevskyi,3
Arnaud Lenglet,1
Maniteja Nandana,1
Zifei Tong,1
Androbin,4
Andreas Madsen,1
Undo1,1
Robin Nabel,10
Denis Gorbachev,1
Josh Levenberg,123
Iver Jordal,1
ironhead,1
Yuxin Wu,10
Darcy Liu,3
Chen Yu,1
Dan J,2
ysuematsu,1
Pēteris Paikens,1
cais,2
Damien Martin-Guillerez,10
Dimitar Pavlov,1
Joan Pastor,1
Nathan Howell,4
David Z. Chen,16
Dmytro Kyrychuk,1
Chad Kennedy,4
Dan Aloni,1
Pengfei Ni,1
Gunhan Gulsoy,240
Finbarr Timbers,1
SriramRamesh,1
Łukasz Bieniasz-Krzywiec,1
drpngx,36
Sean O'Keefe,1
lahwran,1
Linchao Zhu,2
Dylan Paiton,1
Ankesh Anand,1
Simon DENEL,3
Gaetan Semet,1
Dave Decker,1
namrata-ibm,2
Bjarke Hammersholt Roune,7
Yusef Shafi,1
Wei-Ting Kuo,2
heinzbeinz,1
John Pope,1
Thiébaud Weksteen,1
A. Rosenberg Johansen,9
James Qin,2
Yifei Feng,188
James Fysh,1
Yuya Kusakabe,1
Fabrício Ceschin,1
Robert DiPietro,3
Di Zeng,3
Falcon Dai,1
Erik Aigner,1
Inflation,1
Dongjoon Hyun,32
Ben Dilday,1
Adal Chiriliuc,1
Jon Shlens,4
Moustafa Alzantot,1
Adam Crume,2
Konrad Magnusson,1
Sagan Bolliger,1
Patrick,1
Vincent Vanhoucke,77
Changming Sun,12
Jun Shi,1
Jack Zhang,1
Eric Nielsen,1
Karel van de Plassche,1
rizzomichaelg,1
Isaac Yang,1
Henrik Holst,1
e3,6
Glen Baker,1
Bernardo Pires,1
Jonathan Raiman,1
郭同jet · 耐心,3
MrQianjinsi,3
jiqiu,1
Zakaria Haque,21
Louie Helm,1
Cheng-Lung Sung,1
panmari,12
Mark Heffernan,25
bakunyo,1
Loo Rong Jie,1
Daeyun Shin,2
Eric Platon,1
Ian Langmore,77
Vlad Firoiu,2
Evan Klitzke,2
Anton Loss,2
BoyuanJiang,2
Daniel Golden,2
Shota,1
makseq-ubnt,6
Alexander Matyasko,1
Shan Carter,1
Justin Francis,1
Isaac Hodes,1
Pablo Moyano,1
Adam Roberts,9
Niels Ole Salscheider,2
Zohar Jackson,2
Umang Mehta,1
fredbertsch,1
guschmue,29
Uwe Schmidt,1
Victor Villas,2
Jongwook Choi,2
Yuming Wang,2
Abhi Agg,3
Garrett Smith,1
Wenjian Huang,38
Fabien Benureau,1
Andre Cruz,1
Wei Ho,30
Ernest Grzybowski,1
zheng-xq,11
Mostafa Rahmani,1
Carl Thomé,1
Joan Thibault,1
"Bi-Ruei, Chiu",1
Chenyang Liu,1
Suharsh Sivakumar,94
Kyle Bostelmann,1
tiriplicamihai,1
Adam Michael,1
Philip Pries Henningsen,1
Ben guidarelli,1
Nicolas Fauchereau,1
J Alammar,1
Vahid Kazemi,1
Shaurya Sharma,2
Jon Malmaud,1
Karen Brems,2
Christian Jauvin,3
Reid Pryzant,1
Prayag Verma,1
Andrew Hundt,4
haosdent,4
Noah Fiedel,6
Davy Song,1
FloopCZ,1
Greg Peatfield,1
mahmoud-abuzaina,1
yaroslavvb@gmail.com,1
Aaron Hu,3
Igor Chorążewicz,1
satok16,1
Fred Bertsch,8
SergejsRk,6
rasbt,5
arahuja,1
John Bates,5
Yilei Yang,1
Sangheum,1
Asim Shankar,173
ninotoshi,4
Steffen Müller,1
lekaha,1
Jeongkyu Shin,1
Philipp Jund,1
Dan,3
Aki Sukegawa,3
Brandon Amos,1
Yuan (Terry) Tang,266
Thijs Vogels,2
Brian Diesel,1
Andrew Dai,4
Jeff Hodges,1
AfirSraftGarrier,1
Emmanuel T Odeke,1
luke,15
Tomer Gafner,2
raoqiyu,1
Jihun Choi,8
OscarDPan,1
Alex Vig,1
Wladimir Schmidt,1
Isaac Turner,1
Adriano,1
Keiji Ariyama,1
Evan Cofer,1
jalammar,2
James Wexler,11
Victor Costan,3
Bastiaan Quast,1
Vlad Zavidovych,1
av8ramit,2
Andrew Selle,84
Wang Yang,4
John C F,1
ronrest,1
Rohit Girdhar,1
Joao Felipe Santos,2
afshinrahimi,1
Craig Citro,4
Alex Kendall,1
Francois Chollet,15
luke iwanski,24
Brian Williammee,2
Jesper Steen Møller,1
amchercashin,12
Zero Chen,3
Andy Kitchen,1
Andrew Gibiansky,3
Jingyue Wu,13
Vinu Rajashekhar,26
Yoshihiro Sugi,3
Dominik Schlösser,1
Jan Zikes,1
Tushar Soni,1
Issac,1
Hannes,1
"Holst, Henrik",1
Cameron Chen,2
Ben Visser,1
Peter Hawkins,129
Niranjan Hasabnis,8
Corey Wharton,2
Eli Bendersky,10
Nayana Thorat,1
Josh Bleecher Snyder,1
Mario Cho,1
dauba-dauba,3
ivallesp,2
Lie He,1
Arbit Chen,1
Ali Elqursh,3
Sergio Guadarrama,32
Olivier Grisel,1
admcrae,2
Maxwell Paul Brickner,1
Erik Erwitt,2
Steve,1
Nishant Shukla,1
Jennifer Guo,1
Yao Zhang,30
Justin Harris,1
Povilas Liubauskas,1
Lucas Moura,1
Pranav Sailesh Mani,1
Nick Sweeting,1
Nathan Silberman,34
jinghua2,1
Matthew Rahtz,1
Jun Kim,1
Ondrej Skopek,1
critiqjo,1
jyegerlehner,1
Akihiko ITOH,1
Saurabh Saxena,3
td2014,1
Eduardo Pinho,1
Liangliang He,9
shenhanc78,1
Kirill Bobyrev,1
Andrew Thomas,1
Thomas Oldervoll,1
Nikolaas Steenbergen,1
Daniel Rodriguez,1
harold cooper,3
Denny Britz,1
Jarek Wilkiewicz,1
Quarazy,1
Andrew Stromme,1
Sukriti Ramesh,79
Sam Putnam,1
Hanna Revinskaya,2
Henry Saputra,2
Bob Adolf,1
Aggelos Avgerinos,1
Ajay Rao,1
Christopher Berner,1
zffchen78,1
Vijay Vasudevan,955
Martin Englund,3
Thomas Schumm,2
KhabarlakKonstantin,1
ssyrain,1
Nikhil Thorat,75
Andreas Eberle,3
Ritwik Gupta,1
Bofu Chen,1
Junpeng Lao,1
Takeshi Hagikura,1
Milan Straka,1
Ivan Ukhov,2
Lukasz Kaiser,40
Muammar ibn Faisal,1
will,1
Memo Akten,2
YenChenLin,1
Kai Sasaki,2
Jonas Meinertz Hansen,4
"Zikes, Jan",1
Darren Garvey,5
hunkim,4
Hans Pabst,4
Dan Smilkov,179
Michael Heilman,2
Xuesong Yang,1
DjangoPeng,5
Arie,2
"Rehs, Philipp Helo",1
Boris Daskalov,1
beopst,1
Petros Mol,5
tijmentieleman,2
Daniel Trebbien,6
Jacob Israel,1
Ted Fujimoto,1
cfperez,1
Abid K,1
Kenneth Mitchner,1
Daniel Smilkov,3
Gagan Goel,1
Kankroc,1
Leonard Lee,2
Zongheng Yang,125
Kristina Chodorow,3
zjj2wry,7
Alexander Mossin,1
Zafar Takhirov,4
Martin Wicke,446
Malith Yapa,1
Sherry Moore,42
Dan Ellis,1
Marco Marchesi,1
Nand Dalal,1
Abhishek Aggarwal,1
Toby Boyd,3
Chih Cheng Liang,1
Jeff Hammerbacher,2
Fabrizio (Misto) Milo,12
Rasmus Munk Larsen,29
Michaël Defferrard,1
Aidan Dang,1
Laurent Mazare,3
raix852,7
Fisher Coder,1
Allen Guo,2
Nishidha,3
Yuefeng Zhou,38
Georg Nebehay,1
Ilya Edrenkin,3
Scott Graham,1
hartb,1
ichuang,1
Gregory King,2
Cesar Salgado,1
zhengjiajin,4
Yan Chen,1
nagachika,2
"Gao, Xiang",2
Huarong,1
akimitsu seo,1
KOUASSI Konan Jean-Claude,1
tobe,1
lurker,1
Vamsi Sripathi,8
prolearner,1
Nishidha Panpaliya,1
RustingSword,1
Alex Sergeev,1
papelita1234,1
Jason Morton,1
jpangburn,1
zhongzyd,8
nick,1
Longqi Yang,2
Comic Chang,4
Vijay D'Silva,3
aymericdamien,1
Mandeep Singh,2
ross,1
Ian,1
Makoto Uchida,3
cg,2
AidanGG,5
Daniel N. Lang,1
Mark McDonald,5
Surya Bhupatiraju,1
Marek Kolodziej,6
Andrew Royer,1
Liang-Chi Hsieh,1
Dustin Tran,1
Jonathan Hseu,161
jubjamie,1
Sriram Narayanamoorthy,1
Jiaming Liu,3
kchen92,1
Burness Duan,1
Raingo,3
Robin-des-Bois,1
Jeremy Sawruk,1
Chad Whipkey,2
Wangda Tan,1
Justus Schwabedal,2
Medhat Omr,1
Carl Vondrick,1
G. Hussain Chinoy,1
Vlad Zagorodniy,1
timsl,1
Dan Jarvis,1
Panmari,3
Ben Barsdell,1
Lucas Adams,1
Sam Abrahams,25
Yutaka Leon,27
Dan Vanderkam,1
Adria Puigdomenech,7
Vladislav,1
Anand Venkat,3
chadkennedyonline,2
John Allen,1
RainerWasserfuhr,2
Quim Llimona,1
Mrinal Kalakrishnan,1
Xiaoqiang Zheng,52
Igor Babuschkin,24
Deepak Subburam,1
Sahil Sharma,1
tvn,2
Li Lao,7
dresimpelo,1
Daniel Mané,19
David Soergel,62
zhongyuk,1
Yi Liu,3
Justin Lebar,34
Dustin Dorroh,1
sharkdtu,1
Connor Braa,1
Martial Hue,1
Conchylicultor,2
Ken Shirriff,2
Jin Kim,1
Patrick Nguyen,103
Nicholas Connor,1
Mikalai Drabovich,1
Marc Khoury,1
Alexandre Passos,40
Yaroslav Bulatov,31
Ofir Press,1
skavulya,2
Fangwei Li,3
Egor-Krivov,1
Bart Coppens,1
Yufeng,1
Terry Tang,2
Karl Lessard,1
Awni Hannun,1
Nathan Daly,1
Petr Janda,1
Aaron Schumacher,2
Zachary Lipton,1
Lezcano,1
Felix Maximilian Möller,1
tbonza,1
A. Besir Kurtulmus,1
kborer,2
Pieter de Rijk,2
Jules Gagnon-Marchand,1
Alan Wu,6
agramesh1,1
Shi Jiaxin,1
Renato Utsch,44
Franck Dernoncourt,2
ebrevdo,4
Niraj Patel,3
Kevin Robinson,2
Dumitru Erhan,1
Jithin Odattu,1
Bas Veeling,1
Wolff Dobson,1
Satoshi Kataoka,1
郑泽宇,1
Jason Gavris,1
Syed Ahmed,1
HyoukJoong Lee,5
Morten Just,1
Sarath Shekkizhar,1
DavidNorman,1
Rob Culliton,1
DI ZENG,1
Kai Curtis,1
Vlad Frolov,1
suiyuan2009,1
Mathew Wicks,2
Charles-Emmanuel,1
nghiattran,1
Tim Harley,1
Joey Meyer,3
elirex,1
SeongAhJo,1
Zhaojun Zhang,2
drag0,2
David Norman,3
Bairen Yi,1
Olivia Nordquist,45
Pete Warden,142
Dandelion Mané,81
Yifan WANG,1
Norman Heckscher,1
qitaishui,1
Rizwan Asif,1
Oyesh Mann Singh,1
Alex Rothberg,7
Yuwen Yan,5
LI Yi,2
Ghedeon,1
David Jones,1
James Mishra,1
Eddie,1
Kristina,1
Benoit Steiner,580
Skye Wanderman-Milne,34
Lukas Krecan,1
Nate Harada,1
Ling Zhang,1
Jay Young,4
Johannes Haux,1
Eric Bigelow,1
David Kretch,1
Neil Han,1
Ryo ASAKURA,1
Shanqing Cai,578
Dr. Kashif Rasul,10
Michael Basilyan,1
Yoni Ben-Meshulam,3
mlucool,1
Mihir Patel,1
Mark Borgerding,2
Daniel Castro Chin,2
Kye Bostelmann,1
Paul Tucker,3
Joshua V. Dillon,53
Clement Courbet,1
Taehoon Kim,1
MikeTam1021,1
Valentin Iovene,2
Eren Güven,1
Huazuo Gao,28
Mustafa Ispir,131
Michael Peteuil,1
Eron Wright,2
Jonas Rauber,7
Rudolf Rosa,1
Jianmin Chen,30
Frank Chu,4
Tomas Reimers,1
Vincent Zhao,1
wangg12,1
William Dmitri Breaden Madden,2
Daniel Rasmussen,1
Johannes Mayer,2
Keiji Kanazawa,2
Ivan Bogatyy,2
Nikhil Mishra,7
Niklas Riekenbrauck,1
Jojy George Varghese,3
xmbrst,4
Immexxx,1
Arron Cao,1
Tiago Jorge,1
Kai Wolf,1
