DOUGLAS R. BURDICK,144
HERMAN SAHOTA,9
Pei-Yu Wang,9
Sandeep Narayanaswami,4
Alexandre V. Evfimievski,42
DUSTIN M. COTE,1
nmanchev,1
SEBASTIAN SCHELTER,1
MechCoder,3
prithvirajsen,5
HAOJUN WANG,102
JIHONG MA,123
Luciano Resende,77
OSCAR D. LARA YEJAS,11
Deron Eriksson,165
Tsuyoshi Ozawa,3
Nakul Jindal,14
imcbbld,38
Mario E. Inchiosa,26
grapebaba,2
SHIRISH TATIKONDA,245
fmakari,3
jdyer1,1
Matthias Boehm,579
YUANYUAN TIAN,77
Raghuram Velega,5
frreiss,18
CARITA OU,1
Paoling Shen,1
NIKETAN PANSARE,117
Kevin Bates,2
Berthold Reinwald,59
Yifan (Ethan) Xu,2
Arvind Surve,45
tgamal,2
RAMIYA VENKATACHALAM,1
Arvind C. Surve,7
AMOL N. GHOTING,14
SARATH KUMAR SUBRAMANIAN,1
Jakob Odersky,1
Tommy YU,8
mboehm7,20
Jimmy Thai,1
shirisht,25
NARINE KOKHLIKYAN,17
SACHETH HEGDE,3
MATTHIAS BOEHM,1420
Niketan Pansare,95
PRITHVIRAJ SEN,162
Alok Singh,13
Romeo Kienzler,2
JAMES MURPHY,3
WEIQIANG ZHUANG,6
Glenn Weidner,52
Deepak Kumar,18
akchinSTC,2
Mike Dusenberry,72
taasawat,1
Faraz Makari Manshadi,77
FREDERICK R. REISS,56
mboehm,3
"Yifan ""Ethan"" Xu",2
Tatsuya.Nishiyama,7
fschueler,3
Shirish Tatikonda,2
ALAN K. CHIN,1
Jeremy Anderson,1
niketanpansare,1
Tian Zhang,168
Christian Kadner,7
MadisonJMyers,2
