SudharmaJain,8
Derrick Schneider,1
Girish Chaudhari,2
Radhika Puthiyetath,4
Likitha Shetty,259
Olivier Lemasle,4
Frank.Zhang,16
cirstofolini,3
Yitao Jiang,1
weingartner,17
Chandan Purushothama,45
radu-stefanache,2
U-aprateek-PC\aprateek,1
ashutoshkelkar,3
Jayapal,179
Mandar Barve,1
Maneesha P,1
John Dilley,11
Sebastien Goasguen,70
Edison Su,1041
monism,1
joesan,1
Maneesha.P,5
Wei Zhou,239
rayeesn,22
sateesh,5
Hiroaki KAWAI,27
Sudhansu,8
Tim Mackey,1
Vincent Bernat,5
Vania Xu,3
Justin Grudzien,1
amoghvk,31
Wido den Hollander,390
alena,1147
John Burwell,36
ahuang,10
hongtu_zang,3
Shane Witbeck,1
Vijay Vekatachalam,3
Vijay venkatachalam,6
lafferty,1
Pascal Borreli,4
NuxRo,4
jessica,39
edison,190
Abhinandan Prateek,275
Jessica,43
Mice Xia,105
Ricardo P. Katz,2
Michael Andersen,18
dahn,1
Roeland Kuipers,1
kyrameng,1
K@clogeny.com,2
Satoshi Kobayashi,2
Will Stevens,220
Nick Livens,18
Prashant Kumar Mishra,8
Stephen Hoogendijk,1
Ewan Mellor,7
Simon Waterhouse,2
sadhu suresh,1
Remi Bergsma,440
MS,6
Vijay Venkatachalam,6
Sten Spans,2
Min Chen,793
rahul singal,1
Carles Figuerola,2
cloudtrends,2
Author Name,1
U-CITRITE\vijayendra1,1
Brian Spindler,3
Tomoe Sugihara,1
Nathan Johnson,3
Laszlo Hornyak,149
subhash_y,1
Radhika PC,111
David Mabry,5
Alex Hitchins,7
Boris Schrijver,53
Alena,3
David Grizzanti,12
Sebastien Goasquen,1
Parth Jagirdar,3
root,33
Pierre-Luc Dion,51
pritisarap12,22
Satoru Nakaya,2
manasaVeloori,4
KC Wang,2
Manfred Touron,1
Leo Simons,86
Dmytro Shevchenko,1
Joakim Sernbrant,1
David Amorim Faria,6
Daan Hoogland,483
Manuel Amador (Rudd-O),99
Matty Courtney,1
Anthony Xu,219
Alexandre Limas Santana,2
Kevin Kluge,33
Doug Clark,6
Ashutosh Kelkar,3
Murali Reddy,272
Hugo Trippaers,621
Harikrishna Patnala,97
santhosh,7
Bill Rich,1
Rene Moser,29
Chris Suich,26
miguelaferreira,6
Greenqloud,1
kollyma,1
gabrascher,4
Kishan Kavala,207
Salvatore Orlando,34
Ian Duffy,34
Thomas O'Dowd,2
Ron Wheeler,1
Brian Federle,1361
John Kinsella,22
Andrew Bayer,1
René Moser,11
Pierre-Yves Ritschard,10
Hongtu Zang,2
Pradeep,4
jayapal,1
dean.close,1
Gabor Apati-Nagy,29
Naredula Janardhana Reddy,82
Ronald van Zantvoort,13
yichi.lu,5
marcus,2
Hiroaki Kawai,13
Prasanna Santhanam,617
Daniel Vega,6
alex@alexhitchins.com,1
Suresh Ramamurthy,1
Fred Clift,1
ynojima,20
Ahmad E,2
Alena Prokharchyk,995
Nikita,3
sbalineni,6
Mike Tutkowski,165
nnesic,3
manuiiit,1
Tanner Danzey,1
Robert Schweikert,2
Jijun,1
abhi,22
unknown,15
wilderrodrigues,253
Boris,5
Ashutosh,1
Joris van Lieshout,14
Sverrir A. Berg,1
frank,422
Donal Lafferty,10
sedukull,1
Victor Rodionov,1
Sachchidanand Vaidya,6
sanjeev,63
Loic Lambiel,3
Sheng Yang,758
Ilya Musayev,1
Radoslaw Smigielski,1
fjkdf,1
Priti Sarap,27
Yichi Lu,2
Edison.Su,16
Sujaya Maiyya,1
venkataswamybabu budumuru,6
Erik Weber,10
Nitin Kumar Maharana,22
amogh.vasekar,1
Pranav Saxena,352
saksham,1
nit,145
Rayeesn,1
sanjeevneelarapu,15
Nitin Mehta,266
Clayton Weise,1
abhishek,517
santhoshe,2
Sverrir Berg,4
Koushik Das,201
pedro-martins,2
vetrivelc,13
Alex Ough,2
Amogh Vasekar,12
Kelven Yang,853
Logan Barfield,2
nitt10prashant,14
Toshiaki Hatano,5
Aaron Brady,5
Simon Weller,7
Hari Patanala,1
Keiichi Yusa,2
dhoogland,1
David Nalley,250
prashant kumar mishra,1
Prachi Damle,296
Pradeep Soundararajan,8
nitin,2
Damodar,29
Fang Wang,22
Edison Xu,1
Nemo,1
Kevin McCormick,1
Phong Nguyen,4
H��gni Ingimarsson,1
Nuno Tavares,2
ilya musayev,5
Rafael Weingartner,1
Star Guo,4
Soheil Eizadi,1
Deepak Garg,4
Abhinav Roy,5
olivier lamy,31
sadhu,3
subhash yedugundla,4
Jonathan Creasy,1
Funs Kessen,7
ghxandsky,2
VinayV,3
Ove Ewerlid,1
Dmitry Batkovich,1
Felix Geyer,12
Chirag Jog,2
Marcus Sorensen,203
Deepti Dohare,6
Meghna Kale,2
Anish Kumar Bindal,1
Saurav Lahiri,2
Rafael da Fonseca,154
Konstantina Chremmou,3
Rajesh Battala,86
Suresh Kumar Anaparti,5
Ian Service,1
Noa Resare,10
ahmad,3
bfederle,272
Ragnar B. Johannsson,10
Rodrigo,1
Sanjay Tripathi,184
bharat kumar,1
kishan,334
Stefan Magnus Landrø,1
Romain Dartigues,1
pdion891,8
Jessica Tomechak,136
Rajani Karuturi,267
Rene Diepstraten,6
Jan-Arve Nygård,2
sailajam,2
Vadim Kimlaychuk,4
suresh sadhu,2
Ritu Sabharwal,2
James Martin,14
Mikhail Mikhaliov,1
sanjeevn,7
Joe Brockmeier,99
butanet,2
Alex Brett,8
JijunLiu,2
Dave Brosius,8
Mihaela Stoica,25
Sangeetha,2
Dennis Lawler,2
Frank Louwers,2
Sangeetha Hariharan,14
name=Radhika PC,1
Manikanta Kattamuri,1
Rohit Yadav,1531
Hiroki Ohashi,4
Kanzhe Jiang,2
Pedro Marques,1
Osamu,8
Gaurrav Aradhye,2
pavanb018,1
David Noland,2
kelven,2
Luis Henrique Okama,1
Ashutosh K,86
youribonnaffe,1
jeff,11
Abhi,21
Damodar Reddy,27
Ólafur Stefán Arnarsson,1
shweta agarwal,12
Sateesh Chodapuneedi,124
Bharat Kumar,96
Saksham Srivastava,60
pranav,2
Jessica Wang,3688
anthony,770
Jamshid Afshar,1
Wilder Rodrigues,141
eric pretorious,1
Devdeep Singh,119
mice xia,1
nvazquez,50
wrodrigues,19
will,290
edison su,7
Chiradeep Vittal,415
U-CITRITE\\koushikd,1
Jayapal Uradi,6
Jason Bausewein,1
wenwenxiong,1
sailajamada,43
Marc-Aurèle Brothier,7
Phillip Kent,3
Kevin Dierkx,4
Aaron Hurt,2
Joe Mills,2
vinayvarmav,2
Srikanteswararao Talluri,6
imduffy15,2
Santhosh Edukulla,130
Radu Stefanache,3
tomoe@midokura.jp,1
Josh Harshman,1
tuna,28
Nicolas Lamirault,1
Vijay,2
Anton Opgenoort,1
Murali reddy,60
Geoff Higginbottom,2
afornie,2
Channy Yun,1
Patrick Dube,12
Sam Schmit,1
Ryan Dietrich,2
Prashanth Manthena,5
Ashwin Swaroop,2
Vijayendra Bhamidipati,78
Antonio Fornie,36
Meng Han,2
Chip Childers,270
Shiva Teja,4
Sanjeev Neelarapu,7
Venkata Swamybabu Budumuru,2
Chandan Krishna Reddy Purushothama,1
borisroman,1
Syed,10
Dariusz Nejbauer,1
Gavin Lee,21
Ian Southam,141
Nils,1
olgasmola,21
atrbgithub,1
Jean-Francois Vincent,1
Gaurav Aradhye,386
Funs,6
Milamber,86
Frank,178
Jayapal Reddy,2
Sudharma Jain,2
punith-cloudbyte,7
Atsushi Midorikawa,1
Marty Sweet,2
Upendra Moturi,2
dsclose,1
David Bierce,5
Axel Delahaye,1
keshav,50
Eric Waegeman,1
Talluri,10
SrikanteswaraRao Talluri,118
Alex Huang,861
Bob,1
Isaac Chiang,18
chriscameronv,1
Rayees Namathponnan,3
Niels de Vos,3
Girish chaudhari,1
chip.childers@gmail.com,16
"Ilya Musayev, CloudSand.com",1
Ilia Shakitko,9
Anshul Gangwar,102
pavan018,6
Logan McNaughton,2
Kris McQueen,204
brito wang,1
Syed Ahmed,3
toshiaki.hatano,1
radhikap,85
prachi,161
Tuna,1
Sam Robertson,18
namita.chaudhari,1
ramamurtis,13
seif,9
Paul Angus,4
Logan B,1
NIKITA,278
Frank Zhang,49
Rafael Weingärtner,9
Dave Cahill,9
Miguel Ferreira,39
Sowmya,5
Darren Shepherd,82
Nitin,94
Slair1,2
Brenn Oosterbaan,3
Kshitij Kansal,10
Sander Botman,9
Girish Shilamkar,106
Daniel Carbone,1
Will Stevens ,1
Ding Yuan,1
Shanker Balan,1
suresh,1
Sowmya Krishnan,23
adefanti,1
Jie Feng,1
